id,trainerId,title,institution,year_obtained,qualification_type,description ,created_at
f7539bc9-6083-4738-94d0-4954d15c7eb1,, BA(Hons.) in Business and Entrepreneurship Development,Kuala Lumpur Metropolitan university College,2009,Academic,,2026-01-07 05:55:42.319
bfdf95d9-48d3-4364-9c6e-3f4aceef9760,,Certified Critical Thinking Instructor," Foundation For Critical Thinking, USA",,Professional,,2026-01-07 05:55:42.319
a2d91036-0af8-496b-b191-67424b3da2d1,,Certification of Achievement in Philosophy  ,,,Professional,,2026-01-07 05:55:42.319
f95f840f-512a-4cdf-bbd5-7e43a9dc6c5a,,"Certification of Achievement in
 Neuropsychology",,,Professional,,2026-01-07 05:55:42.319
a703d4e2-e88a-403d-8076-a49e4f8899ee,," Certification of Scientific Thinking and
 Communication",,,Professional,,2026-01-07 05:55:42.319
0b51aea5-cc57-41be-ae33-cdc1c8b5c218,,Certification of The Art of Negotiation,,,Professional,,2026-01-07 05:55:42.319
c019ac47-d454-4011-988a-be2c3abc908e,2e1976a6-80d0-494b-9b72-339d2c5a3aa9,Bachelor in Aerospace Engineering,UPM,2008,Academic,,2026-01-07 05:55:42.319
eeccd7db-096a-4d9b-9209-8babf8189079,2e1976a6-80d0-494b-9b72-339d2c5a3aa9,Certification In Training (Train The Trainer),HRDF/PSMB,2022,Professional,,2026-01-07 05:55:42.319
b70df6d2-94a9-4cb0-9538-93ad7452fc77,2e1976a6-80d0-494b-9b72-339d2c5a3aa9,Certified Instructor,DASSAULT SYSTEMES,2022,Professional,,2026-01-07 05:55:42.319
a787e2d4-a03b-4974-8c55-5d5fd14c1a26,2e1976a6-80d0-494b-9b72-339d2c5a3aa9,Bachelor in Aerospace Engineering,UPM,2008,Academic,,2026-01-07 05:55:42.319
7993d450-7798-40f9-a7ab-da4a746d7673,2e1976a6-80d0-494b-9b72-339d2c5a3aa9,Certification In Training (Train The Trainer),HRDF/PSMB,2022,Professional,,2026-01-07 05:55:42.319
8da21a16-91d7-4f1f-82a0-71b4acc7698f,2e1976a6-80d0-494b-9b72-339d2c5a3aa9,Certified Instructor,DASSAULT SYSTEMES,2022,Professional,,2026-01-07 05:55:42.319
be858545-ab5d-4174-a382-3dab97ce1a59,ed2d3e32-d803-42c2-b350-c7fa430c07c0,Master Degree in Occupational Safety and Health Risk Management,Open University Malaysia,2019,Academic,,2026-01-07 05:55:42.319
8ecc7100-fc9a-45c7-ab55-e770c50086fa,ed2d3e32-d803-42c2-b350-c7fa430c07c0,Bachelor Degree in Science (Chemistry and Biology),Campell University,2004,Academic,,2026-01-07 05:55:42.319
cdcdf197-e7ca-4440-b2d5-64aaa94af384,ed2d3e32-d803-42c2-b350-c7fa430c07c0,Advance Diploma in Science (Chemistry and Biology),Tengku Abdul Rahman Colleage,2004,Academic,,2026-01-07 05:55:42.319
f3c944b4-0495-4ab4-9752-1fce6af6a7da,ed2d3e32-d803-42c2-b350-c7fa430c07c0,Safety and Health Officer,DOSH,2016,Professional,,2026-01-07 05:55:42.319
7aabbff1-026e-4360-b804-14468f98ef62,ed2d3e32-d803-42c2-b350-c7fa430c07c0,Radiation Protection Officer,AELB,2016,Professional,,2026-01-07 05:55:42.319
1c0ae3c3-de9b-4622-95e3-0f150be01caf,ed2d3e32-d803-42c2-b350-c7fa430c07c0,Train the Trainer 2,NIOSH,2016,Professional,,2026-01-07 05:55:42.319
22148761-2e3e-4833-a44a-ee635ea242c1,ed2d3e32-d803-42c2-b350-c7fa430c07c0,"Lead Auditor (QMS, EMS, OSHMS)",SIRIM,2023,Professional,,2026-01-07 05:55:42.319
0fc7736a-32cd-4025-b586-8b118a098a5f,70436f18-00df-4e1c-b4b6-84cb569d15e1,Degree in Jurisprudence,"University of Malaya, Malaysia",2021,Academic,,2026-01-07 05:55:42.319
409d5493-4e9b-4f61-b2a7-18ca011da23e,70436f18-00df-4e1c-b4b6-84cb569d15e1,PhD,"Universiti Sains Malaysia, Penang, Malaysia",2016,Academic,,2026-01-07 05:55:42.319
6f017e38-9be1-46a1-989c-0efe14ea8202,70436f18-00df-4e1c-b4b6-84cb569d15e1,Masters in Software Engineering,"University of Malaya, Malaysia",2005,Academic,,2026-01-07 05:55:42.319
a1c3ba00-05d1-476a-b24e-4c796e1eb6b6,70436f18-00df-4e1c-b4b6-84cb569d15e1,B. Eng (Hons) Electronics,"Multimedia University, Malaysia",2002,Academic,,2026-01-07 05:55:42.319
9e9d6358-fb93-4e8d-a0ef-b550b40d2c08,70436f18-00df-4e1c-b4b6-84cb569d15e1,Professional Engineer with Practicing Certificate,Board of Engineers Malaysia (BEM) & Institute of Engineers Malaysia (IEM),2009,Professional,,2026-01-07 05:55:42.319
260c1614-c7c6-467d-8a69-4fd0b4900a38,70436f18-00df-4e1c-b4b6-84cb569d15e1,Member,Malaysian Chapter of Information System (MyAIS),2016,Professional,,2026-01-07 05:55:42.319
ba6b2b60-8326-4359-a627-20a74075c464,70436f18-00df-4e1c-b4b6-84cb569d15e1,Member,Malaysian Institute of Management (MIM),2016,Professional,,2026-01-07 05:55:42.319
4aafd72b-5571-4a8d-bbb7-483a17b6e293,cc89f95d-ede5-4293-acc1-35b95b41e813,Dip. in TESOL,London Teachers Training College,2008,Academic,,2026-01-07 05:55:42.319
a65edf61-748a-4986-b43c-c26cd21d25d7,cc89f95d-ede5-4293-acc1-35b95b41e813,Graduate Dip. in TESOL,London Teachers Training College,2009,Academic,,2026-01-07 05:55:42.319
d1bd5214-31e2-4a0e-bd85-977f6ebc46fc,cc89f95d-ede5-4293-acc1-35b95b41e813,Masters in ESL,University of Malaya,2016,Academic,,2026-01-07 05:55:42.319
5fe4f181-3f22-40d0-aa84-b7d0852a3da0,cc89f95d-ede5-4293-acc1-35b95b41e813,Accredited Trainer,HRDC,2023,Professional,,2026-01-07 05:55:42.319
df091cf5-3187-4be3-a8ab-930765c1aec4,cc89f95d-ede5-4293-acc1-35b95b41e813,Train the Trainer,HRDF,2014,Professional,,2026-01-07 05:55:42.319
26f05a4a-d84f-41ed-9f74-d3f40f05b8f4,cc89f95d-ede5-4293-acc1-35b95b41e813,Data Analysis & Interpretation with SPSS,"Faculty of Languages & Linguistics, University of Malaya",2013,Professional,,2026-01-07 05:55:42.319
417f6c58-39cc-4f70-ab4e-685a4b1bf360,cc89f95d-ede5-4293-acc1-35b95b41e813,Module Writing,UKM Holdings,2010,Professional,,2026-01-07 05:55:42.319
5e7ff317-006e-410e-bb50-4853eb6bd7cc,cc89f95d-ede5-4293-acc1-35b95b41e813,Telephone Etiquette & Business Communication,British Council,1996,Professional,,2026-01-07 05:55:42.319
73c3822d-583f-4b59-b485-fa8479cc2e52,cc89f95d-ede5-4293-acc1-35b95b41e813,Inflight Cabin Crew Service,,1990,Professional,,2026-01-07 05:55:42.319
e37f151d-8998-4997-a12b-59029c9d1985,36887bff-272f-4913-bb43-4651e73227f2,Degree (Information System Engineering),Universiti Tunku Abdul Rahman,2006,Academic,,2026-01-07 05:55:42.319
10fb39c9-ff97-4614-a343-55fcfff04ffb,36887bff-272f-4913-bb43-4651e73227f2,TRAIN THE TRAINER,MDEC,2018,Professional,,2026-01-07 05:55:42.319
de8ccff9-bfd3-441c-9339-b756b0649732,36887bff-272f-4913-bb43-4651e73227f2,TRAIN THE TRAINER,PSMB,2019,Professional,,2026-01-07 05:55:42.319
bd37a591-d306-4846-bcbe-ab537028ce36,d240fdb0-29b4-450d-862c-6ef4de24d90c,Master of Science,Universiti Malaysia Sabah (UMS),2011,Academic,,2026-01-07 05:55:42.319
cc9d39d2-32e5-4646-93f0-20e89ae5c608,d240fdb0-29b4-450d-862c-6ef4de24d90c,Bachelor of Science (Hons.),Universiti Malaysia Sabah (UMS),2005,Academic,,2026-01-07 05:55:42.319
3a30194e-3bb6-407b-bbc9-ab84d1e1bea1,d240fdb0-29b4-450d-862c-6ef4de24d90c,STPM,Kolej Komuniti Mertajam (KKM),2001,Academic,,2026-01-07 05:55:42.319
81824aa0-a3fc-464e-9e00-176f59a6d15f,d240fdb0-29b4-450d-862c-6ef4de24d90c,Certified Health Coach,Health Coach International,2022,Professional,,2026-01-07 05:55:42.319
86f270b2-59e1-4fb9-9bc6-545639fe6a5d,d240fdb0-29b4-450d-862c-6ef4de24d90c,HRD Corp Certified Trainer,HRD Corp,2023,Professional,,2026-01-07 05:55:42.319
9e6e8c1b-63a4-45f7-9f63-af8612e27cbe,, Diploma of Accounting in Accounts ,Universiti Teknologi MARA ,,Academic,,2026-01-07 05:55:42.319
b26a0e16-f812-4609-8529-3b0052998ced,, Master Degree in Business,University of Malaysia Pahang,,Academic,,2026-01-07 05:55:42.319
644e7efc-cc7c-448e-8251-947592e65f53,,"Master in Business Administration specializing in Corporate
 Management (MBA)",OUM,2020,Academic,,2026-01-07 05:55:42.319
d80a81f9-3f47-4e8b-81c4-d127241a18bf,,TTT(TraintheTrainer),,,Professional,,2026-01-07 05:55:42.319
0f440478-fa1c-4b8c-98a8-8d49f80b7968,,Certified Coach & Consultant,,,Professional,,2026-01-07 05:55:42.319
823be2d6-2a76-4f7a-93c4-63d5602d3dcd,,Certified Trainer for Brunei Public Sector,,,Professional,,2026-01-07 05:55:42.319
71654934-5f30-4ee3-881f-d6d28da70c15,17ea9404-124d-4ad7-8b21-ba20cf92b182,LLB (Honors),University of London,,Academic,,2026-01-07 05:55:42.319
848cc8c2-c4b4-49fd-b672-b79d23401d75,17ea9404-124d-4ad7-8b21-ba20cf92b182,PSMB/HRDF Trainer,,,Professional,,2026-01-07 05:55:42.319
caf87163-0858-403e-84c0-fb42cc9fa914,17ea9404-124d-4ad7-8b21-ba20cf92b182,Soft Skills Trainer,,,Professional,,2026-01-07 05:55:42.319
0bcfa18b-a1b9-459a-a817-3f65ea6871d0,17ea9404-124d-4ad7-8b21-ba20cf92b182,Master Sales Trainer,,,Professional,,2026-01-07 05:55:42.319
86788842-a7df-4cc2-a15d-be965cc939f1,17ea9404-124d-4ad7-8b21-ba20cf92b182, CCAM Awards Top 3 Winner,,,Professional,,2026-01-07 05:55:42.319
df935b94-33e7-4d33-9854-61da0bc58bfd,,Diploma in Psychology,,,Academic,,2026-01-07 05:55:42.319
15ad31d9-7d48-40b7-bfe8-9e7124e4a91e,,Diploma in Workplace Safety and Health,,,Academic,,2026-01-07 05:55:42.319
ed15ba0b-0456-4e69-87a2-2c1260d7a5b3,,City & Guilds Level 3 Award in Assessing against Industry Standards,City & Guilds ,,Professional,,2026-01-07 05:55:42.319
f6c4e474-ba5e-41bb-883c-253a9e734b7e,,Bodyguard & Close Protection Training,Global Protection & Secure,,Professional,,2026-01-07 05:55:42.319
15eb1555-b41d-4b8a-8eaf-cf4e8b94bfae,,Basic Occupational First-Aid,,,Professional,,2026-01-07 05:55:42.319
adfaa3b1-d1c5-466f-9c15-41f3ed7c8657,,Advanced Member of Toastmasters International,Toastmasters International ,,Professional,,2026-01-07 05:55:42.319
debbe034-6b38-4042-839a-b8b27c2c3307,,IVV (International Association for Driver Education) Accredited Trainer,IVV ,,Professional,,2026-01-07 05:55:42.319
b266470b-f7b4-4487-9c25-8d5666587e22,,Certification In Training (Train The Trainer), HRDF/PSMB,2009,Professional,,2026-01-07 05:55:42.319
7a62dabb-3a75-48fd-8b87-438749ef30b2,3b7e3c38-4a70-416b-a40e-7e293cf0d586, MBA,Malaysia University of Science and Technology,,Academic,,2026-01-07 05:55:42.319
b63502f7-c0ff-4c29-8b5b-06ca4967457d,3b7e3c38-4a70-416b-a40e-7e293cf0d586,TTT Trainer,HRDC,,Professional,,2026-01-07 05:55:42.319
dfb702a8-f0e4-4994-8203-3316e70369c9,3b7e3c38-4a70-416b-a40e-7e293cf0d586,Teaching English as Foreign Language,London Teacher Training College,,Professional,,2026-01-07 05:55:42.319
982a1465-2f8e-4f20-97a1-0a74b6928630,3b7e3c38-4a70-416b-a40e-7e293cf0d586,Basic Retailing Course ,"Jusco Co Ltd, Japan",,Professional,,2026-01-07 05:55:42.319
f29c0bab-69d6-434f-bd60-8b75b1efa8ea,3b7e3c38-4a70-416b-a40e-7e293cf0d586,Technical Training in Management Philosophy and Clothing Line,"Jusco Co Ltd, Japan",,Professional,,2026-01-07 05:55:42.319
89fab3ce-569a-428c-bc23-ad23f1a95f7d,3b7e3c38-4a70-416b-a40e-7e293cf0d586,General Orientation Course,"The Association for Overseas Technical Scholarship (AOTS), Japan",,Professional,,2026-01-07 05:55:42.319
a82d6e36-f0e1-4532-b0ea-16940f145079,3b7e3c38-4a70-416b-a40e-7e293cf0d586,Technical Training in GMS Baby Department," AOTS, Japan",,Professional,,2026-01-07 05:55:42.319
7b9017ff-054f-4ad4-88b8-8886a632564d,3b7e3c38-4a70-416b-a40e-7e293cf0d586,Member of Chartered Management Institute (CMI),,,Professional,,2026-01-07 05:55:42.319
a4bf1512-a10a-49d4-b8f5-1f4d107c5fb4,,PhD in Management (Social Innovation Leadership,Universiti Tun Abdul Razak,2021,Academic,,2026-01-07 05:55:42.319
3f2143d8-0ec8-441d-9154-092c49d0cfdf,,MBA in Leadership,Universiti Tun Abdul Razak (UNIRAZAK) ,2021,Academic,,2026-01-07 05:55:42.319
c363cdcd-0c7d-4653-994c-74d14062a56c,,Executive Master in Management,Asia e University ,2015,Academic,,2026-01-07 05:55:42.319
f54ec5f2-2475-41ab-8ffd-e06a073558d1,,Diploma in Investment Analysis,UiTM Shah Alam,1993,Academic,,2026-01-07 05:55:42.319
9628b955-9bfd-4788-8c41-5b470c4cdfb3,, Train the Trainer ,HRDC,,Professional,,2026-01-07 05:55:42.319
eac51442-7b38-4e38-84dd-8bbb7e25ac48,,Member of Chartered Management Institute (CMI),London,,Professional,,2026-01-07 05:55:42.319
45b40001-5ed6-407c-b9a2-684fa55e2370,320811cf-7d30-474f-9477-afb0f6ce6801,"DIPLOMA IN INVESTMENT ANALYSIS, 2005",UiTM SHAH ALAM,2005,Academic,,2026-01-07 05:55:42.319
f75cefe7-635d-4991-a566-7db51b9fb38d,320811cf-7d30-474f-9477-afb0f6ce6801,BACHELOR OF BUSINESS ADMINISTRATION (FINANCE) (HONS).,UITM SHAH ALAM,2010,Academic,,2026-01-07 05:55:42.319
006f799c-d9f3-499c-9213-c9f79bddf099,320811cf-7d30-474f-9477-afb0f6ce6801,PROFESSIONAL DIPLOMA IN BOOKKEEPING & ACCOUNTING,"AUSTINE PEAY STATE UNIVERSITY, TENNESEE, USA",2021,Academic,,2026-01-07 05:55:42.319
22169798-7945-4d9f-98af-bbf466f9c947,39645d21-f697-4cdc-bde6-162653963ef0,Association of Chartered Certified Accountants (UK),INTEC Education College,2019,Academic,,2026-01-07 05:55:42.319
dca338e1-5abd-47a4-b50c-0190ee2380b2,39645d21-f697-4cdc-bde6-162653963ef0,Certified Accounting Technician,INTEC Education College,2016,Academic,,2026-01-07 05:55:42.319
94bedca9-e50a-423a-bf78-ad6365208dee,39645d21-f697-4cdc-bde6-162653963ef0,Association of Chartered Certified Accountants (UK) Affiliate,ACCA UK,2019,Professional,,2026-01-07 05:55:42.319
8d7de1a8-9753-41fd-919f-15ab7b7ad82f,39645d21-f697-4cdc-bde6-162653963ef0,Certified Accounting Technician,,2016,Professional,,2026-01-07 05:55:42.319
8d143cbe-bf1b-4fe2-8839-4a3697b16501,,Doctor of Philosophy (PhD) in Manufacturing Engineering,Universiti Kebangsaan Malaysia (UKM),,Academic,,2026-01-07 05:55:42.319
2c780b9b-d9a2-4cc2-8520-23ca89c2dcae,,Master of Science (MSc) in Advanced Mechanical Engineering ,"University of Warwick, United Kingdom",,Academic,,2026-01-07 05:55:42.319
eb27eb29-5b4c-400b-bca0-2cdca8d45fdb,,Bachelor of Mechanical Engineering,Universiti Teknologi Malaysia (UTM),,Academic,,2026-01-07 05:55:42.319
49ecccfb-d2a8-4893-b111-90f6bb0d0e78,,Professor in Quality and Data-Driven Manufacturing,Universiti Teknologi Malaysia (UTM),,Professional,,2026-01-07 05:55:42.319
a86b27ed-7f1b-4959-861d-b22df6ae9f5f,,Bachelor of Science (B.Sc) in Agribusiness,,,Academic,,2026-01-07 05:55:42.319
fe28bccf-0e19-497f-90f7-ac3970dd2fcd,,APICS CPIM,Production and Inventory Management,,Professional,,2026-01-07 05:55:42.319
6b0a7fb7-666e-4617-a699-3690814cf09b,,Accredited Trainer,HRDC,,Professional,,2026-01-07 05:55:42.319
c8cfe479-8bdb-4131-9b8b-74200ff1a673,,LLB (Hons),"Anglia Ruskin University, Chelmsford, UK",,Academic,,2026-01-07 05:55:42.319
e5bb0346-1766-42d2-9d07-0c5e4dc0a299,,Member of Malaysian Association of Professional Speakers,HRDC,,Professional,,2026-01-07 05:55:42.319
30eac91a-6eb5-45ba-916a-93e9f434cb2e,,, Malaysian Association of Professional Speakers (MAPS),,Professional,,2026-01-07 05:55:42.319
97c56089-0b20-4d16-959a-a7d9d4520583,7331a135-ff3b-412f-bf04-715f5afb8586,PhD in Business Management (Elevator and Escalator Operation,,2024,Academic,,2026-01-07 05:55:42.319
9ca35445-96cf-4e6c-b5d1-b407599d4f26,7331a135-ff3b-412f-bf04-715f5afb8586,Master in Business Administration (MBA),Heriot Watt University,1997,Academic,,2026-01-07 05:55:42.319
e0f49813-5fc7-4cf8-b1ec-38fdcff29eaa,7331a135-ff3b-412f-bf04-715f5afb8586,"The Engineering Council Part 2, UK",Equivalent to Engineering Degree,1992,Academic,,2026-01-07 05:55:42.319
e964550b-b540-418a-b4e1-c9ea67048263,7331a135-ff3b-412f-bf04-715f5afb8586,Diploma in TVET Instruction,Ministry of Human Resource Malaysia,2023,Academic,,2026-01-07 05:55:42.319
4b195b63-3221-478a-9b41-c2f54f0c1166,7331a135-ff3b-412f-bf04-715f5afb8586,Diploma in Electronic Engineering,TARC,1990,Academic,,2026-01-07 05:55:42.319
8a7d2126-7eff-4088-af53-339b9d9594fc,7331a135-ff3b-412f-bf04-715f5afb8586,Diploma in Training & Development,Asia Pacific International University,1993,Academic,,2026-01-07 05:55:42.319
f2a6a0ab-4749-4d53-8c54-335614dac290,7331a135-ff3b-412f-bf04-715f5afb8586,Teaching Cert,UPM,1998,Academic,,2026-01-07 05:55:42.319
6c72717a-518b-4a32-9b41-2e9cf495d038,7331a135-ff3b-412f-bf04-715f5afb8586,ASEAN Chartered Professional Engineer,,2023,Professional,,2026-01-07 05:55:42.319
3c1007d1-118c-422b-99a5-cdbf73a05b72,7331a135-ff3b-412f-bf04-715f5afb8586,Professional Engineer with Practicing Certificate,,2016,Professional,,2026-01-07 05:55:42.319
ac7c6f8e-3678-4451-bfe4-e664d4fe56c0,7331a135-ff3b-412f-bf04-715f5afb8586,Lift Competent Person Grade 1 (JKKP),,2000,Professional,,2026-01-07 05:55:42.319
ba1248c5-f3fa-414f-a604-59908d6196fc,7331a135-ff3b-412f-bf04-715f5afb8586,SKM 2 & 3 in Lift and Escalator,Ministry of Human Resource Malaysia,2023,Professional,,2026-01-07 05:55:42.319
221847ec-bd82-42cd-9348-f39f1d126d1f,7331a135-ff3b-412f-bf04-715f5afb8586,Train The Trainer Cert,HRDF / MIM,2017,Professional,,2026-01-07 05:55:42.319
3850411c-6597-48c4-be79-3f0f8e1e0f3c,7331a135-ff3b-412f-bf04-715f5afb8586,ISO Lead Auditor cert,QMI-Quest,1999,Professional,,2026-01-07 05:55:42.319
17b09531-2d4d-4e38-aa1f-abf89950f309,7331a135-ff3b-412f-bf04-715f5afb8586,Schindler Customer Excellence course,"IMD, Lausanne, Switzerland",2013,Professional,,2026-01-07 05:55:42.319
52bb751a-3ca3-4c15-a0a5-2d28d874c106,7331a135-ff3b-412f-bf04-715f5afb8586,Certificate in Training & Development,Quest,1992,Professional,,2026-01-07 05:55:42.319
82ae37ab-aafa-4aeb-9b63-0fdbb4309e7f,d308073f-e07d-4093-b45b-a8bbbf4945a3,Bachelor of Engineering (Electrical),Universiti Teknologi Malaysia,2003,Academic,,2026-01-07 05:55:42.319
244204cf-a06d-4bb3-a645-54a856d71a1e,d308073f-e07d-4093-b45b-a8bbbf4945a3,Diploma Electrical Electronics Engineering,Kolej TAFE Campus,1996,Academic,,2026-01-07 05:55:42.319
55ee490c-3ee6-44e3-a982-0f6a03046f01,d308073f-e07d-4093-b45b-a8bbbf4945a3,Electrostatic Discharge Control Engineer,"iNARTE ( International Associations for Radio, Telecommunications and  
                                 Electromagnetics)
",2010,Professional,,2026-01-07 05:55:42.319
cb83a853-02e5-4c94-a131-657633e0578f,dc461404-0b48-483d-a541-ca0e099e615c,Master of Business Administration (MBA),University Malaya,,Academic,,2026-01-07 05:55:42.319
d45e1e49-a768-4897-9d8f-e0e85ed4fe63,dc461404-0b48-483d-a541-ca0e099e615c,Bachelor of Engineering,National University of Singapore,,Academic,,2026-01-07 05:55:42.319
f31c6303-9b2d-4a3c-b5fb-bf2808757404,dc461404-0b48-483d-a541-ca0e099e615c,Post Graduate Course in Marketing Management,Singapore Institute of Management (Silver Medal Award),,Academic,,2026-01-07 05:55:42.319
76d8bfba-d1d0-46b3-861c-41099261fce6,dc461404-0b48-483d-a541-ca0e099e615c,Machine Learning Certificate,Stanford University Online,,Academic,,2026-01-07 05:55:42.319
4f5973c8-8e9a-4477-98ac-7d23b0e77c95,dc461404-0b48-483d-a541-ca0e099e615c,Registered Property Manager ,Board of Valuers Malaysia,,Professional,,2026-01-07 05:55:42.319
3677588f-5b39-49b6-9fb2-fe86fc2597d0,dc461404-0b48-483d-a541-ca0e099e615c,HRDF Certified Trainer,HRDC,,Professional,,2026-01-07 05:55:42.319
51e88e08-a84a-433e-bfdc-c5dde7589709,,Diploma in Civil Engineering,"Federal Institute of Technology, Bangsar KL",1980,Academic,,2026-01-07 05:55:42.319
af58d9a1-13fa-489f-8b64-4ac98f5766fc,,MCE (High School),"Gopeng Ipoh Perak, Art Stream, Grade 3 ",1974,Academic,,2026-01-07 05:55:42.319
84b0d6c8-a691-4b85-b40a-a60ac34e8595,,Certified IQM Blaster & Driller,,,Professional,,2026-01-07 05:55:42.319
16cd631b-44c0-4712-a5c5-f761f1645067,,Certified Training Facilitato,HRDF,,Professional,,2026-01-07 05:55:42.319
658da939-23d7-43f9-9f55-ded917fbe3cc,2379c6ba-b1d2-4f3f-845d-28220e215071,MBA in HRM,"University of Ballarat, Australia ",2010,Academic,,2026-01-07 05:55:42.319
bcfdf7b3-a479-429a-ad23-c3dda40df2fe,2379c6ba-b1d2-4f3f-845d-28220e215071,Advanced Diploma in Business Studies (HRM),University of Technology Mara,1995,Academic,,2026-01-07 05:55:42.319
0de95ebb-2e93-4c23-bc5a-5a4ff285adff,2379c6ba-b1d2-4f3f-845d-28220e215071,Accredited Accellum Professional ,,2023,Professional,,2026-01-07 05:55:42.319
92f1a867-a6bc-4ae1-ad1b-f804dc8b23e5,2379c6ba-b1d2-4f3f-845d-28220e215071,Certified OD HR Practitioner (AIHR),,2021,Professional,,2026-01-07 05:55:42.319
035feb4b-3365-4dd8-92b9-61e483d9c181,2379c6ba-b1d2-4f3f-845d-28220e215071,Certificate in Training (Train-the-Trainer),HRDF,2016,Professional,,2026-01-07 05:55:42.319
38b6565a-e1a8-4250-9e65-26d7e7d55000,2379c6ba-b1d2-4f3f-845d-28220e215071,Certificate in Talent and Human Resources Development,Penn University,2013,Professional,,2026-01-07 05:55:42.319
3c3bc984-597a-4a5e-8f62-b1ab562d9ccb,2379c6ba-b1d2-4f3f-845d-28220e215071,Associate Member,Malaysian Institute of Human Resource Management (MIHRM),2015,Professional,,2026-01-07 05:55:42.319
9f7d1b6d-fb39-4601-b1e8-df12ccfc9344,2379c6ba-b1d2-4f3f-845d-28220e215071,Ordinary Member, Malaysian Institute of Management (MIM) ,2016,Professional,,2026-01-07 05:55:42.319
aa59063b-b4c0-40c4-8dc5-5aa3a2f28e95,,Bsc Degree in Computing Science,University of Staffordshire,2005,Academic,,2026-01-07 05:55:42.319
7f967dfe-08ba-41d5-b62e-a200a05397c9,,Higher Diploma,Asia Pacific Institute of Information technology,2003,Academic,,2026-01-07 05:55:42.319
a7d70e05-807f-4c5b-ace5-607e587213d4,,Certification In Training (Train The Trainer),HRDF/PSMB by COMFORI,2018,Professional,,2026-01-07 05:55:42.319
82ebc291-f319-41d1-ae3b-f3a79cbf79d6,,"Microsoft Office Specialist Associate PowerPoint, Word, Excel",Microsoft,2020,Professional,,2026-01-07 05:55:42.319
ef9458b7-d7b5-49a6-8082-82d55e0a111a,,"Microsoft Office Specialist - Expert PowerPoint, Word, Excel",Microsoft,2020,Professional,,2026-01-07 05:55:42.319
6da78a0a-1594-44a7-a682-4b320417a60f,,"Malaysian Institute of Information Technology, Universiti Kuala Lumpur",Diploma in Information technology,Currently pursuing,Academic,,2026-01-07 05:55:42.319
9297cdf3-40d5-4a3f-b7e8-50d866aceb6d,34851953-d076-40e5-a836-0f9e72a484d4,Asia E-University,Executive Master of Business ( General Management),2014,Academic,,2026-01-07 05:55:42.319
429172d3-7bad-4349-b2ec-c5ca294d1196,34851953-d076-40e5-a836-0f9e72a484d4,ACCA,ACCA Professional Part2,2007,Professional,,2026-01-07 05:55:42.319
2c0e0604-9e15-4a18-bde9-7df7f9beea8a,34851953-d076-40e5-a836-0f9e72a484d4,Informatics Penang,Cambridge Diploma in Computer Studies,1994,Academic,,2026-01-07 05:55:42.319
c4f8936f-8e60-4beb-8cb3-55107f009e34,34851953-d076-40e5-a836-0f9e72a484d4,Institute Perkim Good,Group Diploma in Cost Accounting,1994,Academic,,2026-01-07 05:55:42.319
4e4ea3a2-f387-45f6-81fe-01f80318abe9,,,Google Educator Certification Level 1,2023,Professional,,2026-01-07 05:55:42.319
fb46ef52-e2bb-4839-84d5-8bc912667bdf,,"California Metropolitan University, United States",Master’s in Business Administration,2022,Academic,,2026-01-07 05:55:42.319
e2a169c2-514e-48f2-b08e-e3baf4010095,,"Sijil Kemaharian Malaysia (SKM), Jabatan Pembangunan Kemahiran",Drone Pilot (Pengendalian Dron – Tahap 2),,Professional,,2026-01-07 05:55:42.319
6f081bcb-ac93-49c5-acf4-b6e5080dac54,,Financial Planning Association of Malaysia,Certified Financial Planner (CFP),,Professional,,2026-01-07 05:55:42.319
f5755dd9-d402-490d-ae16-a432f07837eb,,,HRDF Certified Train-The-Trainer (TTT),2019,Professional,,2026-01-07 05:55:42.319
d9a6a52d-9180-4934-a3b4-1dafb16f0ff1,,"National Institute
for Micro, Small and Medium Enterprises, Hyderabad, India",Training of Trainers in Entrepreneurship & Skill Development,2018,Professional,,2026-01-07 05:55:42.319
6e9c5825-02bd-4dce-bae7-588b012ce120,,"Sunderland University, U.K",Bsc (Hons) Computer Science,2008,Professional,,2026-01-07 05:55:42.319
65c1f949-f953-4f0d-bd64-a7f1889d4efe,,"Informatics College, Malaysia",International Advanced Diploma in Computer Engineering,2005,Academic,,2026-01-07 05:55:42.319
fceebd66-e42a-4522-ba44-cd20377a0e45,,"Informatics College, Malaysia",Diploma in Electronic and Information Technology,2003,Academic,,2026-01-07 05:55:42.319
f0cf2d74-0601-4c80-a099-4b53808043fc,,PhD in Social Work,The Royal British University of India,,Academic,,2026-01-07 05:55:42.319
1b3e5e21-bda1-4fa6-933d-692f4bc0c0ba,, Master's Degree in Occupational Safety & Health Management ,University Utara Malaysia (UUM),,Academic,,2026-01-07 05:55:42.319
96c9b114-e555-4c8e-8f65-344408b99e5f,,Bachelor of Science in Nursing Practice Development,Northumbria University,2016,Academic,,2026-01-07 05:55:42.319
ef5f24a1-fc0b-417b-9268-b891c8c33905,, Assistant Medical Officer,,2010,Professional,,2026-01-07 05:55:42.319
595cdfda-7c9c-4d14-8d8f-a5872d2ef871,,Train the Trainer,HRDF/PSMB Malaysia,,Professional,,2026-01-07 05:55:42.319
64b312c7-107f-4e46-8b69-2ababb3364cc,,ISO 45001:2018 Lead Auditor (Occupational Health & Safety Management Systems),CQI & IRCA,,Professional,,2026-01-07 05:55:42.319
ea4e10c5-0b7b-4840-8378-0cb3b40e1250,,CQI & IRCA,UK,,Professional,,2026-01-07 05:55:42.319
df364054-cc46-47c7-b2eb-4f07f290207a,b843c483-ce2e-46fd-94a1-22b21f727be4,Universiti Teknologi Malaysia – Malaysia Japan International Institute of Technology (MJIIT),Master of Disaster Risk Management,2019,Academic,,2026-01-07 05:55:42.319
c452cf91-148a-45ec-b12e-29c737484a6d,b843c483-ce2e-46fd-94a1-22b21f727be4,Universiti Putra Malaysia,Master of Manufacturing Systems Engineering,2015,Academic,,2026-01-07 05:55:42.319
bbdfbb71-64f1-4585-885d-81b2c0b294ca,b843c483-ce2e-46fd-94a1-22b21f727be4,"Institute of General Management & Finance, UK",Professional Diploma in Lean Supply Chain Management,2015,Academic,,2026-01-07 05:55:42.319
6b7fdfa7-1980-43ed-8358-8d91909b4d9a,b843c483-ce2e-46fd-94a1-22b21f727be4,"Manchester Metropolitan University, UK",BEng(Hons) Automation And Control Engineering,2006/2007,Academic,,2026-01-07 05:55:42.319
0d9de9f7-1f6c-41bf-b380-e21b2ffe11a6,b843c483-ce2e-46fd-94a1-22b21f727be4,"Edexcel International, Penang Skills Development Centre",BTEC Higher National Diploma,2006,Academic,,2026-01-07 05:55:42.319
a7f8bd87-222b-4dd7-9377-e1435b18e26c,b843c483-ce2e-46fd-94a1-22b21f727be4,"Accreditation Registration Number PT22040288, Malaysia Board of Technologist (MBOT)",PROFESSIONAL TECHNOLOGIST (Ts),2022,Academic,,2026-01-07 05:55:42.319
1eedab65-3a2b-409d-abe6-91e3b363910e,b843c483-ce2e-46fd-94a1-22b21f727be4,"HRD Corp, Ministry of Human Resources",CERTIFIED HRD CORP TRAINER ,2022,Academic,,2026-01-07 05:55:42.319
644378ef-f559-4fa3-b5ba-c376bfdef070,b843c483-ce2e-46fd-94a1-22b21f727be4,"Licence Number PTE-0024-2019, Suruhanjaya Tenaga",CERTIFIED ELECTRIC ENERGY MANAGER,2019,Academic,,2026-01-07 05:55:42.319
2da17bbb-577d-40cf-a35e-8f882a50c09d,b843c483-ce2e-46fd-94a1-22b21f727be4,Malaysia Association of Energy Service Companies (MAESCO),CERTIFIED ENERGY MANAGER,2018,Academic,,2026-01-07 05:55:42.319
99c9dc53-1cca-432f-a4ed-fea8924dc10d,,Bachelor Arts (Hons) in Psychology,Basic Life Support Instructor (AHA),,Academic,,2026-01-07 05:55:42.319
ba7b207d-5118-432b-82b5-62f8b85a9f0c,,Certificate in Emergency Medical Technician-Basic,"Asia Metropolitan University, Cyberjaya, Malaysia",,Academic,,2026-01-07 05:55:42.319
e26f507c-8ff0-4b9a-9f7e-f392eaa57672,,"Certificate in ACLS, BLS (AHA)","Hospital UKM, Kuala Lumpur, Malaysia",,Academic,,2026-01-07 05:55:42.319
da206a1e-c8d7-40ba-9993-56c52a610acf,,Basic Life Support Instructor (AHA),National Heart Association Malaysia,,Professional,,2026-01-07 05:55:42.319
e1f414a5-64c8-4328-be5c-122f9321ef2e,b1a6ba2d-7aed-4a65-9fee-13c1158a1ceb, Diploma in Medic (Emergency Medicine),College of Medical Assistant (formerly College of Nursing Kuala Lumpur),1973,Academic,,2026-01-07 05:55:42.319
9d4b76fb-52ce-46af-8605-00b6ce36d18a,b1a6ba2d-7aed-4a65-9fee-13c1158a1ceb, Instructor Industrial First Aid (Train the Trainer),National Institute of Safety and Health (NIOSH) Bangi Malaysia,2005,Professional,,2026-01-07 05:55:42.319
3bbcbdc8-3bb3-40cb-a153-a58783a3ea7b,b1a6ba2d-7aed-4a65-9fee-13c1158a1ceb,Train the Trainer (TTT),NIOSH,2010,Professional,,2026-01-07 05:55:42.319
f1e95144-fb1d-4422-ab55-fbc88065af53,b1a6ba2d-7aed-4a65-9fee-13c1158a1ceb,Annual Practising Certificate,Ministry of Health,2015,Professional,,2026-01-07 05:55:42.319
b9bf2aa8-e109-4176-a92f-6b77c4d2e160,b1a6ba2d-7aed-4a65-9fee-13c1158a1ceb,Advanced Cardiac Life Support (ACLS),American Heart Association,2014,Professional,,2026-01-07 05:55:42.319
2e0c4117-70d4-4e74-96d2-7e5c4f7ed4a3,b1a6ba2d-7aed-4a65-9fee-13c1158a1ceb, Basic Life Support (BLS) Instructor,Ministry of Health,1999,Professional,,2026-01-07 05:55:42.319
33284c6b-211a-43c5-96a4-551530eafcb5,b1a6ba2d-7aed-4a65-9fee-13c1158a1ceb,Advanced Trauma Life Support,International SOS,2010,Professional,,2026-01-07 05:55:42.319
dab5dacf-a3db-4b42-8f77-96fdf007ecb6,,Paramedic Course,,2019,Academic,,2026-01-07 05:55:42.319
51e97818-9e1d-4f2a-9d46-acfbb058890c,,HRD Corp Trainer,HRD Corp ,2022,Professional,,2026-01-07 05:55:42.319
7bbd8efd-e634-4d09-82c7-6667cd3a8c1b,,NIOSH Trainer ,NIOSH ,2023,Professional,,2026-01-07 05:55:42.319
03125e37-3577-4a3b-8e55-30cd43d0c630,,Basic Life Support (BLS) Provider,American Heart Association (AHA),2019,Professional,,2026-01-07 05:55:42.319
2c839fe0-d6e2-4a11-b858-ba386a6dd2bf,,Advanced Cardiovascular Life Support (ACLS) Provider, American Heart Association (AHA,2019,Professional,,2026-01-07 05:55:42.319
f8293f1f-fbd5-4e6b-89e9-6c80dbca3f82,a51c7c88-2979-42d0-9b7f-703cdc0dc3f4,B.Eng (Hons) Electronics majoring Robotics and Automation,"Multimedia University, Malaysia",2008,Academic,,2026-01-07 05:55:42.319
32026d9d-2610-483b-94a7-faf3126350c8,a51c7c88-2979-42d0-9b7f-703cdc0dc3f4,Managing by Project,Bridgit & Project Management Academy,2010,Professional,,2026-01-07 05:55:42.319
a3f90718-ab21-4ccb-a92b-d4c658ac4748,a51c7c88-2979-42d0-9b7f-703cdc0dc3f4,Genba Kanri Evaluator and Instructor,CGK Office Yoshi’s Academy,2010,Professional,,2026-01-07 05:55:42.319
6083fd4d-375b-45e6-8b25-08258f9745f6,a51c7c88-2979-42d0-9b7f-703cdc0dc3f4,Project Portfolio Management,Bridgit & Project Management Academy,2011,Professional,,2026-01-07 05:55:42.319
d06d796f-06a4-49bf-93b4-2dfcf805f417,a51c7c88-2979-42d0-9b7f-703cdc0dc3f4,Lean Six Sigma Black Belt,MbizM Sdn Bhd & PROTON,2012,Professional,,2026-01-07 05:55:42.319
3a591805-fc9b-4c35-93cb-ad6decb4cd95,a51c7c88-2979-42d0-9b7f-703cdc0dc3f4,Nestle Certified Green Belt,MoreSteam University & Nestle,2014,Professional,,2026-01-07 05:55:42.319
bc8fbde8-ff67-409b-92b4-1c782076633f,a51c7c88-2979-42d0-9b7f-703cdc0dc3f4,Executive Workshop for Lean Ops,LSS Academy & Lazada Group,2015,Professional,,2026-01-07 05:55:42.319
8280c788-10da-4729-b326-8fde799b9712,a51c7c88-2979-42d0-9b7f-703cdc0dc3f4,"IRCA Certified ISO 9001:2015 Lead 
 Auditor Training Course",BSI Training Academy,2017,Professional,,2026-01-07 05:55:42.319
b2bb0cd5-6abe-435f-b810-ee9c42c7155c,a51c7c88-2979-42d0-9b7f-703cdc0dc3f4,Leadership Fundamental,Lazada College,2018,Professional,,2026-01-07 05:55:42.319
e71ab648-55a1-430c-b316-bbef0be01168,a51c7c88-2979-42d0-9b7f-703cdc0dc3f4,Growth Strategies,"Wharton University of Pennsylvania & 
 Coursera (Online)",2020,Professional,,2026-01-07 05:55:42.319
f13b4ece-9ea7-4342-94b7-c7255ba5e4aa,a51c7c88-2979-42d0-9b7f-703cdc0dc3f4,Financing & Profitability,"Wharton University of Pennsylvania & 
 Coursera (Online)",2020,Professional,,2026-01-07 05:55:42.319
a1c6ac38-85a4-4a5b-909c-2e661e9718b4,a51c7c88-2979-42d0-9b7f-703cdc0dc3f4,"Train The Trainer – National 
 Competency Standard","Thames Oxford Academy & Human 
 Resource Corporation Development, 
 Malaysia",2021,Professional,,2026-01-07 05:55:42.319
7893787c-b315-4577-91a3-17d87121d8df,51fd032d-e797-4ac3-a72d-d71def5c7aad,Degree in Human Sciences,International Islamic University Malaysia,1999,Academic,,2026-01-07 05:55:42.319
add33e7b-a0fa-4072-b244-c1dc41aaaa5c,51fd032d-e797-4ac3-a72d-d71def5c7aad,SPM,"Sek Men Seri Menanti, Muar, Johor",1992,Academic,,2026-01-07 05:55:42.319
94605fcd-b32e-4a8d-abe8-d02fa3511e6e,51fd032d-e797-4ac3-a72d-d71def5c7aad,HRDF TTT #16518,HRDF,2016,Professional,,2026-01-07 05:55:42.319
4b12fbf5-7d07-433d-8588-c803adf00267,51fd032d-e797-4ac3-a72d-d71def5c7aad,HRD Corp Accredited Trainer,HRD Corp,2022,Professional,,2026-01-07 05:55:42.319
6ef9053b-3edb-497f-9896-b3504e33b667,51fd032d-e797-4ac3-a72d-d71def5c7aad,Islamic Financial Planner,FPAM & FPAM,2011,Professional,,2026-01-07 05:55:42.319
37e9d999-6a38-4bcf-85a4-9a73adec2135,271fac85-c48d-4d81-acfa-1f345bde120f,Master In Business Administration,UUM,2011,Academic,,2026-01-07 05:55:42.319
7e79a133-60f7-4500-aee4-9075b8b3f0c2,271fac85-c48d-4d81-acfa-1f345bde120f,Certification In Training (Train The Trainer),HRDF/PSMB,2022,Professional,,2026-01-07 05:55:42.319
7e594d8e-a395-402b-a674-5d989ca5c3b7,271fac85-c48d-4d81-acfa-1f345bde120f,IATF 16949 Internal Auditor,Leo Ardent,2019,Professional,,2026-01-07 05:55:42.319
ac70b3dd-6778-4fd3-8b76-d64bd849caa9,271fac85-c48d-4d81-acfa-1f345bde120f,System and Lead Auditor – ISO 45001:2018,Exemplar Global,2020,Professional,,2026-01-07 05:55:42.319
572963ef-5490-4c7f-a037-20115cd3ae52,271fac85-c48d-4d81-acfa-1f345bde120f,Lead Auditor ISO 14001:2015,IRCA and CQI,2019,Professional,,2026-01-07 05:55:42.319
304fff04-792c-4b39-9d5b-16934f4f33a3,74712704-fa81-464a-8197-bd5901027efe,MICPA,Malaysian Institute of Certified Public Accountants,1997,Academic,,2026-01-07 05:55:42.319
0cc7d6ef-2405-4626-991c-a4799ea728e4,74712704-fa81-464a-8197-bd5901027efe,BSc. Accounting (Degree),"University of East Anglia, Norwich, United Kingdom",1994,Academic,,2026-01-07 05:55:42.319
e535f223-90eb-480a-80d9-eb5497c1966a,74712704-fa81-464a-8197-bd5901027efe,"A-level (Pure Mathematics & Statistics, Economics, Accounting)","PETRONAS A Levels Programme, MSM",1991,Academic,,2026-01-07 05:55:42.319
3ebb082b-0b64-440b-bee1-5b1f8d117369,74712704-fa81-464a-8197-bd5901027efe,Sijil Pelajaran Malaysia (SPM),"Maktab Rendah Sains MARA (MRSM), Taiping",1988,Academic,,2026-01-07 05:55:42.319
a852f25c-b64f-4386-a7ad-b15ff094836b,74712704-fa81-464a-8197-bd5901027efe,Member of MICPA,Malaysian Institute of Certified Public Accountants,1997,Professional,,2026-01-07 05:55:42.319
17855e64-4cb4-4cd4-b724-a7c4e8bedb5e,74712704-fa81-464a-8197-bd5901027efe,Associate member of ICDM,Institute of Corporate Directors Malaysia,2023,Professional,,2026-01-07 05:55:42.319
d200df7b-ea8c-4b5d-b4da-3914ebc08b32,74712704-fa81-464a-8197-bd5901027efe,Certified Trainer by HRDCORP,Human Resource Development Corporation,2024,Professional,,2026-01-07 05:55:42.319
e8dd4438-ff6c-461d-8399-4dc550bad1e0,046e58cc-4b3e-4f62-baa8-bd1a1215ee7f,LLB (Hons),MARA University of Technology,1991,Academic,,2026-01-07 05:55:42.319
e508c7c4-397d-49f7-b2dd-add5f84eb355,046e58cc-4b3e-4f62-baa8-bd1a1215ee7f,Advocate & Solicitor,Bar Council,1992,Professional,,2026-01-07 05:55:42.319
9a21645a-93db-4cb0-beaa-59407b4bff98,046e58cc-4b3e-4f62-baa8-bd1a1215ee7f,Accredited Mediator,MMC - Bar Council,2018,Professional,,2026-01-07 05:55:42.319
08ad33be-a4e2-4909-a5c4-a46ebb3f5f42,,Bachelor of Science in Mechanical Engineering,"University of Miami, Florida, USA",,Academic,,2026-01-07 05:55:42.319
8060f885-7b59-4874-93e6-0445f80e390f,,Diploma in Management,"Institute of Supervisory Management, UK",,Academic,,2026-01-07 05:55:42.319
19cc2f4a-2362-49bc-801a-7103ff6d5209,, Certified ISO/TS 16949 Quality System Auditor,"IRCA, UK",,Professional,,2026-01-07 05:55:42.319
bedd6629-a47a-4663-bc96-d52e6db8e591,,Accredited Trainer,HRDCorp,,Professional,,2026-01-07 05:55:42.319
cb66be4f-c9c4-41a3-9710-0e1ce5b77d3c,,HRDF Trainer,PSMB,,Professional,,2026-01-07 05:55:42.319
edbcc26d-cfc1-4246-9d89-d2b7b2452fa5,,Certified Quality Environment (5S) Management System Specialist,"MPC, Malaysia",,Professional,,2026-01-07 05:55:42.319
b4ee0848-2a2c-48ee-979f-81e7e6b6cd28,,Certified Vocational Training Officer (Level 3) ," Department of Skills Development, Ministry of Human Resources, Malaysia",,Professional,,2026-01-07 05:55:42.319
e895eda4-d3bb-4288-9b0b-d6d11b694f6b,, Independence Panel Jury,QCC/ICC/OIT Conventions,,Professional,,2026-01-07 05:55:42.319
268f9b92-f808-499c-858a-8523a90d7728,, Final Project External Verifier,UniKL & Kolej Vokasional Bentong,,Professional,,2026-01-07 05:55:42.319
1ab47d8c-a3bf-4a18-aa2c-3e4658ea1f5f,,Bachelor of Science majoring in Mechanical Engineering,"OHIO Northern University, USA",1992,Academic,,2026-01-07 05:55:42.319
8a566c5e-2a40-47ec-9853-2a13292bec49,,Master of Science in Technology Management,"Canterbury University, UK.",2003,Academic,,2026-01-07 05:55:42.319
870439b8-471c-48af-8980-857ec1885771,,Registered IRCA QMS  Lead Auditor,International Register of Certificated Auditors,2007,Professional,,2026-01-07 05:55:42.319
a85b5ac8-08ba-4756-b407-afa72ec027fe,,Life Member,Institute of Quality Malaysia,2017,Professional,,2026-01-07 05:55:42.319
e0fae9b4-fea7-4124-a2da-56b5cd016a1f,,Auditor (Sub-Contract),TUV-SUD,2013,Professional,,2026-01-07 05:55:42.319
e6f11177-8d28-4b99-a706-f68c0818873b,,Auditor (Sub-Contract),AJA Certification,2015,Academic,,2026-01-07 05:55:42.319
f151d0a4-1f64-43f2-9b45-65a20e981493,13205b5f-1733-480b-b870-4ed9c0f14ce8,Bachelor’s degree in Economics,UPM,2004,Academic,,2026-01-07 05:55:42.319
5e989622-cdf4-47c4-9889-1ebb362c07d0,13205b5f-1733-480b-b870-4ed9c0f14ce8,Certification In Training (Train The Trainer), HRDF/PSMB,2021,Professional,,2026-01-07 05:55:42.319
5c18ab17-9880-4162-9869-f8f312160e41,2473f498-dbbc-4103-adf7-0a4441337cc7,Master in Leadership,"University of Northumbria, UK",2010,Academic,,2026-01-07 05:55:42.319
9122982e-dfa3-42f3-a0ff-9208681bcbfe,2473f498-dbbc-4103-adf7-0a4441337cc7,Master of Economic,"Western Michigan University, USA",1987,Academic,,2026-01-07 05:55:42.319
ef6aa3ea-9a97-4ba9-bbbc-756d8ec2e014,2473f498-dbbc-4103-adf7-0a4441337cc7,Bachelor in Business Administration,"Western Michigan University, USA",1989,Academic,,2026-01-07 05:55:42.319
a53b6d0d-8ca8-4fd7-84d8-5e778533c8b4,2473f498-dbbc-4103-adf7-0a4441337cc7,Lead Auditor for Quality Management System: ISO 9000:2001,SIRIM,2000,Academic,,2026-01-07 05:55:42.319
44300580-978d-4db1-bec5-6cdddf629833,2473f498-dbbc-4103-adf7-0a4441337cc7,Certificate of Personnel Management,Malaysian Institute of Personnel Management,1991,Professional,,2026-01-07 05:55:42.319
f2e52597-8397-472a-8d26-6e99fac18ae1,,MBA General Management,UiTM,,Academic,,2026-01-07 05:55:42.319
809ff692-6fe7-4720-bf71-278600cf4125,,MBA Marketing ,"Charles Stuart University, Australia IGS/HELP University College",2005,Academic,,2026-01-07 05:55:42.319
596893a5-d028-4055-8667-b5ea539dfcbf,,Bachelor of Accountancy,"Universiti Teknologi MARA (UiTM), Shah Alam",1989,Academic,,2026-01-07 05:55:42.319
d2e5e801-b633-4929-a773-a3a38d268279,,Trainer,HRDC,,Professional,,2026-01-07 05:55:42.319
961777c8-23fe-4aa6-bcb5-fd4e128994dc,,Transformational Leader and Coach,MIM,,Professional,,2026-01-07 05:55:42.319
3d82fe29-d552-4b21-9ed9-97cf97cb5501,,Professional Online Trainer,Klaspad UK,,Professional,,2026-01-07 05:55:42.319
0358507a-076c-41e3-8a9a-38e27815f5e2,,NLP Practitioner,A. Thomas – NLP & Gestalt,,Professional,,2026-01-07 05:55:42.319
ad5f771e-8815-4f09-9c9b-59af53ebc998,,Professional Member,Malaysian Association of Professional Trainers and Coaches (MAPTaC),,Professional,,2026-01-07 05:55:42.319
c20079c1-4673-4516-9b64-3653bbfb66c3,,Member,Malaysian Association of Professional Speakers (MAPS),,Professional,,2026-01-07 05:55:42.319
d69990c5-add6-448d-9b62-40e64c36c4fc,,Associate Member,Malaysian Institute of Management (MIM),1995,Professional,,2026-01-07 05:55:42.319
ed2c7554-3d17-4388-8d37-c5579bf7f132,1e208703-336e-4363-8d5d-4508a8b08d1b,Bachelor of Occupational Safety & Health Management,Open University Malaysia,2016,Academic,,2026-01-07 05:55:42.319
394a74ee-67eb-4343-ae8e-50d67201eb36,c092eafd-89fd-48a1-b0b4-740a59206885,Doctorate in Business Management,"Universiti Sultan Zainal Abidin, Kuala Terengganu, Terengganu, Malaysia",2018,Academic,,2026-01-07 05:55:42.319
09928f8d-4bd7-4be9-bd4a-3230c525b75c,c092eafd-89fd-48a1-b0b4-740a59206885,Master in Management and Leadership,"Universiti Teknologi Mara, Shah Alam",2014,Academic,,2026-01-07 05:55:42.319
72f7ada4-2ddf-4dc9-a962-77a7b8ab0596,c092eafd-89fd-48a1-b0b4-740a59206885,Bachelor (Hons) Scinece Chemistry and Business Administration,"Universiti Teknologi Mara, Shah Alam",2011,Academic,,2026-01-07 05:55:42.319
4292ac7e-f7e3-4b3d-a59e-97d480cf7f87,c092eafd-89fd-48a1-b0b4-740a59206885,"Diploma Electric and Electronic
Computer Engineering","Politeknik Sultan Idris Shah, Sabak Bernam Selangor, Malaysia",2008,Academic,,2026-01-07 05:55:42.319
0bb0df3d-1dc1-4908-a148-10da8e52abb9,c092eafd-89fd-48a1-b0b4-740a59206885,Artificial Intelligence for Educators,Universiti Teknologi Malaysia,2024,Professional,,2026-01-07 05:55:42.319
b0f63c6d-805c-4bc4-8369-14693e099a0a,c092eafd-89fd-48a1-b0b4-740a59206885,HRDC Certified TTT,Human Resource Development 2022 Corporation,2022,Professional,,2026-01-07 05:55:42.319
06cc8c82-a390-4052-b73b-a52f015a98ac,c092eafd-89fd-48a1-b0b4-740a59206885,Profesional Technologist,Malaysia Board of Technologist,2021,Professional,,2026-01-07 05:55:42.319
65d26db9-a35b-49f2-8e27-59233896050f,c092eafd-89fd-48a1-b0b4-740a59206885,Graduate Technologist,Malaysia Board of Technologist,2021,Professional,,2026-01-07 05:55:42.319
ded4e1ca-9a56-4b93-921a-07e1d7aed261,c092eafd-89fd-48a1-b0b4-740a59206885,Associate/Member,Malaysian Institute of Human Resource Management,2019,Professional,,2026-01-07 05:55:42.319
b5661f53-22bc-431e-99e1-c317ea4657d4,c092eafd-89fd-48a1-b0b4-740a59206885,Neuro Lingustic Programming,Akademi NLP Malaysia,2013,Professional,,2026-01-07 05:55:42.319
9f32ba79-5874-4d48-96ae-7201123e9ad3,b06f9fec-130d-4aa6-bfee-5114331e40b3,DiplomainLogisticsManagement,OpenUniversityMalaysia,2010,Academic,,2026-01-07 05:55:42.319
e49b4711-8d18-4e32-b9ce-687ab3cc3863,,MBA,"Southern Pacific University, USA",,Academic,,2026-01-07 05:55:42.319
c66ed8b3-4d5f-4cce-aee4-38463a352e7b,,Bachelor of Business (HRM / International Business),"University of Tasmania, Australia",,Academic,,2026-01-07 05:55:42.319
721b412b-ad5d-4fb1-9c13-c8cb0a414777,,CIM,UK,,Academic,,2026-01-07 05:55:42.319
d57a7e21-74cc-459d-818a-06db67216234,,NLP Practitioner,"Neuro Semantic, Hypnosis, Timelines",,Professional,,2026-01-07 05:55:42.319
d942950f-5873-479e-9ff9-9127ddea74be,,Sales Trainer,NLP FC in SALES,,Professional,,2026-01-07 05:55:42.319
97d9cb19-8ad4-48e4-af58-9909b06e7f7c,,Leadership Development Consultant,"ILGE, USA",,Professional,,2026-01-07 05:55:42.319
7da86117-23e7-4d22-a95f-f898397c02fd,,Trainer-Coach in Directive Communication™ Psychology,DCI Asia,,Professional,,2026-01-07 05:55:42.319
ac27bc4a-85c6-4618-b04b-704d4ee7bf1a,,Member,Global Trainers Federation & Malaysian Association of Professional Trainers and Coaches,,Professional,,2026-01-07 05:55:42.319
f2b45a94-95ee-466e-ba9a-d38d19fa0cb4,322b0665-e60e-4445-8391-8d453783e319,:Diploma in Mechanical Engineering (Aeronautics),: Universiti Teknologi Malaysia,1986,Academic,,2026-01-07 05:55:42.319
36749ffd-1eaf-43a6-af61-200d1d814de6,322b0665-e60e-4445-8391-8d453783e319,Bachelor of Science in Mechanical Engineering,"Tri-State University, Indiana , US",1989,Academic,,2026-01-07 05:55:42.319
6ef9ef42-798b-4c7d-bf46-6c5fb14a2985,322b0665-e60e-4445-8391-8d453783e319,Engineers Professional Registration,under BEM - Board Of Engineers Malaysia No. 24605A,1996,Professional,,2026-01-07 05:55:42.319
24264dad-8720-4177-a4b5-902c208c6d2e,322b0665-e60e-4445-8391-8d453783e319,,IMM - Institute of Materials Malaysia,1997,Professional,,2026-01-07 05:55:42.319
e182a9e6-204d-40e7-b956-277f8e26a835,322b0665-e60e-4445-8391-8d453783e319,OSH TRAIN THE TRAINER COMPENTENCY BASED PROGRAMME,NIOSH,2022,Professional,,2026-01-07 05:55:42.319
e734d05c-c16f-462c-b6b4-832a219c9c44,1705843c-f467-4872-bbe5-15df90c84968,Phd,"University of Wales, Aberystwyth, Wales, UK",2004,Academic,,2026-01-07 05:55:42.319
bb174737-c677-4d7a-b9bc-c04b20485bbb,1705843c-f467-4872-bbe5-15df90c84968,Advocate and Solicitor,High Court Malaya,1999,Professional,,2026-01-07 05:55:42.319
876c964d-b522-42b1-a618-5d7ed0feff03,5a6ca7c7-b167-4d26-a395-752e4660dc17,Executive MBA (with Honours),"Quantic School of Business & Technology, USA",2022,Academic,,2026-01-07 05:55:42.319
b2abdad0-db51-4aad-8a1f-62687dcb2979,5a6ca7c7-b167-4d26-a395-752e4660dc17,Bachelor of Mechanical Engineering (Hons),Universiti Malaya,2001,Academic,,2026-01-07 05:55:42.319
4c25e6d2-5542-4bd7-95bc-48482042cde7,5a6ca7c7-b167-4d26-a395-752e4660dc17,Certified Practitioner of Neuro Linguistic Programming (NLP),"National Federation of Neuro Linguistic Psychology, USA",2007,Professional,,2026-01-07 05:55:42.319
f8dc5c0d-34e2-46ec-8cc1-0a051cf6559a,24f9a2fa-9521-48df-bd04-8a4e492029ef,"Bachelor of Science (Hons) Data
 Communications and Networking", Universiti Teknologi MARA (UiTM),2004,Academic,,2026-01-07 05:55:42.319
dc788cbe-ee04-426d-815c-5c03769eecce,24f9a2fa-9521-48df-bd04-8a4e492029ef," Diploma in Computer Science
",Universiti Teknologi MARA (UiTM),2001,Academic,,2026-01-07 05:55:42.319
e77f8d28-cbdb-420f-9581-65e93e92e503,24f9a2fa-9521-48df-bd04-8a4e492029ef," HRD Corp Accredited Trainer (#6549)
"," HRD Corp
",2024,Professional,,2026-01-07 05:55:42.319
a8b0613c-ff2b-4b4f-814e-660b209cf7af,24f9a2fa-9521-48df-bd04-8a4e492029ef," HRD Corp - Train The Trainer Exemption (#6628)
"," HRD Corp
",2019,Professional,,2026-01-07 05:55:42.319
13fdabf6-17cc-480d-a03a-abbbd51022dc,24f9a2fa-9521-48df-bd04-8a4e492029ef,Microsoft Certified Trainer (MCT), Microsoft,2012- CURRENT,Professional,,2026-01-07 05:55:42.319
d217c091-9640-42e7-a392-55640d9afec1,24f9a2fa-9521-48df-bd04-8a4e492029ef,"Microsoft Office Specialist - Expert
 Microsoft 365 Apps", Microsoft,2024,Professional,,2026-01-07 05:55:42.319
aa7f8bb6-c9c9-4a1e-a74c-dd630dde94c3,24f9a2fa-9521-48df-bd04-8a4e492029ef,"Microsoft Office Specialist - Associate
 Microsoft 365 Apps",Microsoft,2024,Professional,,2026-01-07 05:55:42.319
82870be2-207e-4551-85f9-459721957cc2,24f9a2fa-9521-48df-bd04-8a4e492029ef,"Microsoft Office Specialist - Expert
 Microsoft Office 2019",Microsoft,2020,Professional,,2026-01-07 05:55:42.319
0c69f958-cbfa-4255-8c56-8df4f25d2332,24f9a2fa-9521-48df-bd04-8a4e492029ef,"Microsoft Office Specialist - Associate
 Microsoft Office 2019", Microsoft,2020,Professional,,2026-01-07 05:55:42.319
14e9aeab-a382-48da-b9d5-0c1c8f9099ec,24f9a2fa-9521-48df-bd04-8a4e492029ef,"Microsoft Office Specialist - Expert
 Microsoft Word 2016",Microsoft,2019,Professional,,2026-01-07 05:55:42.319
18e9f90a-2eee-4d06-808f-e68d9d972b9d,24f9a2fa-9521-48df-bd04-8a4e492029ef,Huawei Certified Datacom Associate (HCDA),Huawei,2015,Professional,,2026-01-07 05:55:42.319
8ff60c8f-596b-4144-8a65-351bf11d7d3b,24f9a2fa-9521-48df-bd04-8a4e492029ef, CompTIA A+,CompTIA,2014,Professional,,2026-01-07 05:55:42.319
e7b625e7-fc92-4320-9e77-62192a7ced70,24f9a2fa-9521-48df-bd04-8a4e492029ef,"Microsoft Certified Technology Specialist (MCTS)
 Microsoft Project 2010",Microsoft,2012,Professional,,2026-01-07 05:55:42.319
511bfe5a-c74e-4b46-8255-4f4ac1ffa358,24f9a2fa-9521-48df-bd04-8a4e492029ef,"Microsoft Office Specialist - Associate
 Microsoft Word 2010",Microsoft,2012,Professional,,2026-01-07 05:55:42.319
3ca65624-93cb-4d5a-95de-ae07eb88d3b3,24f9a2fa-9521-48df-bd04-8a4e492029ef,Cisco Certified Network Professional (CCNP), Cisco Partners,2008,Professional,,2026-01-07 05:55:42.319
641b7548-00b5-42a0-9ac0-4f7b8bf54ed2,24f9a2fa-9521-48df-bd04-8a4e492029ef, Cisco Certified Network Associate (CCNA),Cisco Partners,2007,Professional,,2026-01-07 05:55:42.319
545939dc-d594-4e87-a6ff-218bee73de83,aa3c894d-2c26-44b0-904a-c24a6a1802b2,Doctor of Philosophy in Communication Studies,"Ohio University, USA",Currently pursuing,Academic,,2026-01-07 05:55:42.319
de7ac3c1-d1a5-4c78-8d08-ec72493af822,aa3c894d-2c26-44b0-904a-c24a6a1802b2,Master of Arts in Communication Studies,"Ohio University, USA",2008,Academic,,2026-01-07 05:55:42.319
9b19fcdc-6db3-4f27-aaca-727ba9ac5e27,aa3c894d-2c26-44b0-904a-c24a6a1802b2,Master of Science in Corporate Communication,University Putra of Malaysia (UPM),2003,Academic,,2026-01-07 05:55:42.319
07dba5ba-2e41-489b-94c1-b9010fb1afa0,aa3c894d-2c26-44b0-904a-c24a6a1802b2,Bachelor of Education (Hons.) (Teaching English as a Second Language),University Putra of Malaysia (UPM),1995,Academic,,2026-01-07 05:55:42.319
56a10737-6007-4acb-aed3-f4500e3b3de8,aa3c894d-2c26-44b0-904a-c24a6a1802b2,Matriculation (Teaching English as a Second Language - TESL),University Putra of Malaysia (UPM),1991,Academic,,2026-01-07 05:55:42.319
21c17882-f14a-46a5-a958-97b0bbf2884d,aa3c894d-2c26-44b0-904a-c24a6a1802b2,Google Certified Educator,Google LLC,2023,Professional,,2026-01-07 05:55:42.319
223ab628-ef49-46b2-9bec-75ab4080088d,aa3c894d-2c26-44b0-904a-c24a6a1802b2,Certified Virtual Trainer,Virtual LearnCaster (VLC),2021,Professional,,2026-01-07 05:55:42.319
2ace4336-d26d-4180-80d2-5da86652d7cf,c392c5f7-8a7e-4393-be48-5538e0d822e0,Diploma Mechanical Engineering,UITM Shah Alam,1991,Academic,,2026-01-07 05:55:42.319
4a4eee91-bdd4-49c4-822a-c685766816be,c392c5f7-8a7e-4393-be48-5538e0d822e0,Bachelor Business Administration Marketing,Universiti Putra Malaysia,2004,Academic,,2026-01-07 05:55:42.319
2e0607dd-db80-4306-af6a-9ad3f1a46cf9,c392c5f7-8a7e-4393-be48-5538e0d822e0,MBA International Business,Universiti Putra Malaysia,2007,Academic,,2026-01-07 05:55:42.319
3b6438c3-8a30-4d94-b344-ba113f0ccbf0,c392c5f7-8a7e-4393-be48-5538e0d822e0,Certification In Training (Train The Trainer), HRDF/PSMB,2022,Professional,,2026-01-07 05:55:42.319
c6d27e94-6d2e-41de-a134-27672a96ae48,b1468e8a-af85-40ce-8b9d-4da1cdd93f98,PhD in International Human Resource Management,University Science Malaysia,2023,Academic,,2026-01-07 05:55:42.319
6c03cfb0-a53b-422e-acbc-4e1fc65b5f2e,b1468e8a-af85-40ce-8b9d-4da1cdd93f98,MBA,"Cardiff Metropolitan University, UK",2014,Academic,,2026-01-07 05:55:42.319
d5b2ad46-34d9-436d-b05d-9fe6efc4c1c4,b1468e8a-af85-40ce-8b9d-4da1cdd93f98,Bachelor of Business Management (Hons),"University of Wales, Trinity Saint David, UK",2012,Academic,,2026-01-07 05:55:42.319
0f0aea12-fbae-4866-96ea-6ca2f9968121,b1468e8a-af85-40ce-8b9d-4da1cdd93f98,Diploma in Business Studies,"Swinburne University of Technology, Melbourne, Australia",2011,Academic,,2026-01-07 05:55:42.319
501c94ae-4ef9-4882-987d-869a49ea4880,725d3d4a-b524-4848-82eb-12693100b885,Master in Management,Asia eUniversity,,Academic,,2026-01-07 05:55:42.319
a7528012-45c0-4671-b77a-0d8b3f66c460,725d3d4a-b524-4848-82eb-12693100b885,Accredited Organisational Development Professional (UK),,,Professional,,2026-01-07 05:55:42.319
5cd435cf-f79b-49c9-9063-a9727fa02969,725d3d4a-b524-4848-82eb-12693100b885,Certified NLP Practitioner,NF-NLP USA,,Professional,,2026-01-07 05:55:42.319
88a13984-ed55-4913-bdde-1d43e5ff1ff9,725d3d4a-b524-4848-82eb-12693100b885,Certified PSMB Trainer, HRDF/PSMB,2022,Professional,,2026-01-07 05:55:42.319
1d0f78be-68ef-4249-b78a-1711ae771274,725d3d4a-b524-4848-82eb-12693100b885,Accelerated Learner Starter Certification,"Delphin,Inc USA",,Professional,,2026-01-07 05:55:42.319
41ad591b-04e7-49f0-a64e-5317db434255,725d3d4a-b524-4848-82eb-12693100b885,Teaching Permit,"Ministry of Higher Education Malaysia
(PM/IPTS/2018/12/8681)",,Professional,,2026-01-07 05:55:42.319
beb01d0c-fab9-4b45-a3a3-139ceec1ca79,fa16f9b0-fe86-4ab5-b0c4-2ae5d010d122,Pursuing 2nd Masters in Ministerial Counselling,Bible College Malaysia,2023,Academic,,2026-01-07 05:55:42.319
c1754523-4671-40aa-b7c7-e835868e76f4,fa16f9b0-fe86-4ab5-b0c4-2ae5d010d122,MBA (1st Class Honors),"University of Wales, UK",2001,Academic,,2026-01-07 05:55:42.319
4ba455f6-8d87-426d-a7f8-f8ca33f59890,fa16f9b0-fe86-4ab5-b0c4-2ae5d010d122,Degree in Business Administrative Management,"Stamford University-College, Malaysia",1997,Academic,,2026-01-07 05:55:42.319
21eb89fb-f230-40b5-9664-53abc6b1267d,fa16f9b0-fe86-4ab5-b0c4-2ae5d010d122,Diploma in Administrative Management,IAM United Kingdom,1994,Academic,,2026-01-07 05:55:42.319
995be748-2db0-4a38-9225-473d3b5ed868,fa16f9b0-fe86-4ab5-b0c4-2ae5d010d122,Diploma in E-Secretarial Science,"Stamford College, Malaysia",1991,Academic,,2026-01-07 05:55:42.319
51588696-c6f3-464f-8595-7223a1f76071,0878fc67-90a8-461f-b09f-b2dc0cd57e15,BACHELOR OF FORESTRY SCIENCE,UNIVERSITY PUTRA MALAYSIA,2000,Academic,,2026-01-07 05:55:42.319
1cdba8a6-14fa-4c4b-b1d9-b4d4461541a6,0878fc67-90a8-461f-b09f-b2dc0cd57e15,SAFETY & HEALTH OFFICER CERTIFICATION,NIOSH MALAYSIA,2020,Professional,,2026-01-07 05:55:42.319
3e789600-94c8-49ce-8c2f-8f698380114d,0878fc67-90a8-461f-b09f-b2dc0cd57e15,TRAIN THE TRAINER [TTT],HRDCORP MALAYSIA,2022,Professional,,2026-01-07 05:55:42.319
d1ec31a6-89e7-4180-aa84-52fc3b059ff4,0878fc67-90a8-461f-b09f-b2dc0cd57e15,ACCELERATED COACHING CERTIFICATION,"AUTHENTIC EDUCATION, AUSTRALIA",2022,Professional,,2026-01-07 05:55:42.319
7278ce94-dcda-4a3d-bbed-d065fc31a310,0878fc67-90a8-461f-b09f-b2dc0cd57e15,MBA: MANAGEMENT,MBA,2024,Professional,,2026-01-07 05:55:42.319
94bc1df0-6dde-412f-95cd-a946e6b716d1,47425c5d-f6a8-42ab-80f4-04eac434b296,"PhD, Real Estate Finance",University of Malaya,2022,Academic,,2026-01-07 05:55:42.319
92d99197-e97b-4809-aa52-f355fb00ec8c,47425c5d-f6a8-42ab-80f4-04eac434b296,"Bachelor of Real Estate Management (Hons), Real Estate",University of Malaya,2012,Academic,,2026-01-07 05:55:42.319
fcd3f4b9-cac1-4f5c-9246-411aa245bb10,47425c5d-f6a8-42ab-80f4-04eac434b296,Registered Valuer & Estate Agent (V1268/ E2931),"Board of Valuers, Appraisers, Estate Agents and Property Managers (BOVAEP)",2011,Professional,,2026-01-07 05:55:42.319
bd6eecdd-a41f-4041-8d76-227a04577732,47425c5d-f6a8-42ab-80f4-04eac434b296,Registered Property Manager (PM0447),"Board of Valuers, Appraisers, Estate Agents and Property Managers (BOVAEP)",2011,Professional,,2026-01-07 05:55:42.319
bb5ff194-e74c-4e39-82a5-3dc98e09a6d2,47425c5d-f6a8-42ab-80f4-04eac434b296,Accreditation,HRDF/PSMB,2025,Professional,,2026-01-07 05:55:42.319
20c4c885-5c1d-44d7-902c-02fe579d70f2,47425c5d-f6a8-42ab-80f4-04eac434b296,TTT ,HRDF/PSMB,2021,Professional,,2026-01-07 05:55:42.319
0e4cf5ba-2593-462e-a516-9500f2bcbcc4,23d90fcc-1c15-4b05-871b-adcfaffa6e3c,Degree in Interior Design,"Swinburne University, Australia",2008,Academic,,2026-01-07 05:55:42.319
683cb553-6c30-4702-baff-12e3f36331bd,23d90fcc-1c15-4b05-871b-adcfaffa6e3c,Diploma in Interior Design,UiTM,2006,Academic,,2026-01-07 05:55:42.319
7e764a73-f374-4492-b6ed-3241db10a18c,23d90fcc-1c15-4b05-871b-adcfaffa6e3c,Neuro Linguistic Programming (NLP),NFNLP USA,2022,Professional,,2026-01-07 05:55:42.319
b2293686-aa86-4c88-8bf9-7f7b62c1cbf9,23d90fcc-1c15-4b05-871b-adcfaffa6e3c,Cognitive Behaviour Therapy (CBT) Coach,Persatuan Kaunselor Pendidikan Malaysia,2022,Professional,,2026-01-07 05:55:42.319
c0d0ffee-1e65-47dc-9499-d7c57b74ea35,33641527-ec96-48e0-ab9c-d11d765c964c,Bachelor of Mass Communication (Public Relations),Universiti Teknologi MARA,,Academic,,2026-01-07 05:55:42.319
3e073954-67e8-41c0-86c1-9cc796cf97a8,33641527-ec96-48e0-ab9c-d11d765c964c,Certificate in Islamic Studies (Theology),Universiti Malaya,,Academic,,2026-01-07 05:55:42.319
44769cd0-3bb4-4acf-b802-21130346e04c,33641527-ec96-48e0-ab9c-d11d765c964c,Black Belt Certificate,"Kukkiwon, South Korea",,Professional,,2026-01-07 05:55:42.319
e4b0d317-fa5c-4207-91ac-7dd6795fd0f6,33641527-ec96-48e0-ab9c-d11d765c964c,Certificate in Investment-Linked Life Insurance,Asian Institute of Insurance,,Professional,,2026-01-07 05:55:42.319
3083fde7-aed2-4415-876a-e65ac4340a5f,33641527-ec96-48e0-ab9c-d11d765c964c,Best Practices in Halal Industry - Food & Food Services,Halal Development Corp,,Professional,,2026-01-07 05:55:42.319
2d11b0af-74dc-49c1-a119-91a9e2ca3607,d32312ee-993b-4145-bf0e-3358dfb85128,"MASTER DEGREE
(TOURISM PLANNING)",UNIVERSITI TEKNOLOGI MALAYSIA (UTM),2021,Academic,,2026-01-07 05:55:42.319
35e644d8-4b82-4804-85ee-21340d6ef151,d32312ee-993b-4145-bf0e-3358dfb85128,BACHELOR DEGREE,UNIVERSITI TEKNOLOGI MALAYSIA (UTM),2006,Academic,,2026-01-07 05:55:42.319
cad3a49f-1d8b-4bcd-8860-38274dc75f16,d32312ee-993b-4145-bf0e-3358dfb85128,Certification In Training (Train The Trainer) TTT/13553,HRDF/PSMB,2024,Professional,,2026-01-07 05:55:42.319
c6e29965-9b81-4705-bb49-a5791d178cd9,d32312ee-993b-4145-bf0e-3358dfb85128,Certifications audit process,"HALAL, HACCP, 5S, GMP, FSSC22000, various ISO's, MQA, and SETARA Rating",2021,Professional,,2026-01-07 05:55:42.319
252d4f6a-7a93-4622-8ed7-91416174b9de,00468211-53b9-42be-89ea-52b40214450c,Bachelor of Science in Computing and Information Systems (Upper Second Class Honors),"University of Lincolnshire and Humberside, UK",,Academic,,2026-01-07 05:55:42.319
642eaff5-946c-406b-9751-d6f31f937322,00468211-53b9-42be-89ea-52b40214450c,Accredited Trainer,HRDC,2024,Professional,,2026-01-07 05:55:42.319
0f2f17ba-f8e2-4b92-b3d5-eb9dc0ae28d8,00468211-53b9-42be-89ea-52b40214450c,PSMB (TTT) Certified Trainer,PSMB,2007,Professional,,2026-01-07 05:55:42.319
2d5801ad-9830-43af-816d-d8a4d1538066,5ed8e63d-4722-49ff-9a9f-2befc1194849,AAT2 Level 2 in Bookkeeping,The Association of Accounting Technicians United Kingdom,,Academic,,2026-01-07 05:55:42.319
289cce9b-863b-4e26-8d08-246bad4fd422,5ed8e63d-4722-49ff-9a9f-2befc1194849,Bachelor’s Degree in Business Technology Management (Hons.),Universiti Teknologi MARA (UiTM).,Currently pursuing,Academic,,2026-01-07 05:55:42.319
2f6e0cc4-db33-44aa-bbde-c88b40207448,5ed8e63d-4722-49ff-9a9f-2befc1194849,Certification In Training (Train The Trainer), HRDF/PSMB,2022,Professional,,2026-01-07 05:55:42.319
dcfdf6b6-fd48-4e55-b73c-dd71c99b67aa,5ed8e63d-4722-49ff-9a9f-2befc1194849,Accreditation, HRDF/PSMB,2025,Professional,,2026-01-07 05:55:42.319
4329a6d8-f1f2-40f4-984f-c03c6f9730f6,5ed8e63d-4722-49ff-9a9f-2befc1194849,SKM Level ,,2024,Professional,,2026-01-07 05:55:42.319
9a9b4b54-a989-4323-af81-5c3bee34a6b8,ee44a205-425c-4252-bd37-23487f74c496,"Certificate, Risk Management, Quantitative Real Options Analysis, Econometrics Analysis, Forecasting and Predictive Modeling","Certificate, Risk Management, Quantitative Real Options Analysis, Econometrics Analysis, Forecasting and Predictive Modeling",1996,Professional,,2026-01-07 05:55:42.319
c9c242ed-ca53-4da7-a31c-777ef1dee946,ee44a205-425c-4252-bd37-23487f74c496,"Certificate, Risk Management, Quantitative Real Options Analysis, Econometrics Analysis, Forecasting and Predictive Modeling","Certificate, Risk Management, Quantitative Real Options Analysis, Econometrics Analysis, Forecasting and Predictive Modeling",1996,Professional,,2026-01-07 05:55:42.319
81748d62-d31d-4b0a-a11a-64fcf3dc9267,ee44a205-425c-4252-bd37-23487f74c496,"MSc. International Securities, Investment and Banking",University of Reading,2002,Professional,,2026-01-07 05:55:42.319
f5c1df25-50c9-4427-969e-bbc1ef1b04f6,ee44a205-425c-4252-bd37-23487f74c496,"MSc. International Securities, Investment and Banking",University of Reading,2002,Professional,,2026-01-07 05:55:42.319
8405ad74-8ad0-42f3-859c-8c69f6f39952,ee44a205-425c-4252-bd37-23487f74c496,"MBA - Strategy, Finance and Information Technology",Cranfield School of Management,2004,Professional,,2026-01-07 05:55:42.319
a097d257-0be9-4d9c-a2df-9613436d5893,ee44a205-425c-4252-bd37-23487f74c496,"MBA - Strategy, Finance and Information Technology",Cranfield School of Management,2004,Professional,,2026-01-07 05:55:42.319
81055918-98fc-4a8c-86b0-0cbed3f10797,ee44a205-425c-4252-bd37-23487f74c496,Certification In Training (Train The Trainer),HRDF/PSMB,2024,Academic,,2026-01-07 05:55:42.319
1018770c-308d-485e-bc57-1727822dc40a,ee44a205-425c-4252-bd37-23487f74c496,Certification In Training (Train The Trainer),HRDF/PSMB,2024,Academic,,2026-01-07 05:55:42.319
ca0c795f-8a7a-4613-89f4-9b6835bf8652,ee44a205-425c-4252-bd37-23487f74c496,HRDF/PSMB,GRI,2024,Academic,,2026-01-07 05:55:42.319
2a3c9707-9f85-4559-a822-bafaf9d6ae95,ee44a205-425c-4252-bd37-23487f74c496,HRDF/PSMB,GRI,2024,Academic,,2026-01-07 05:55:42.319
718b8ae1-1a0e-4aa8-96ba-3b6ba684f088,ee44a205-425c-4252-bd37-23487f74c496,IFRS S1 S2,IFRS Foundation,2025,Academic,,2026-01-07 05:55:42.319
a43f2997-a627-43df-b8c4-9d768c8c44ef,ee44a205-425c-4252-bd37-23487f74c496,IFRS S1 S2,IFRS Foundation,2025,Academic,,2026-01-07 05:55:42.319
feeceda1-32e7-4ac7-8b44-4d9b2f6ce0fe,,Degree in Business Admin,Degree in Business Admin,1993,Academic,,2026-01-07 05:55:42.319
ee086ff9-7a95-4f1d-9286-d05527afc20a,,Advance Diploma Purchasing & Material Mgt,Advance Diploma Purchasing & Material Mgt,1997,Academic,,2026-01-07 05:55:42.319
7e375272-52c9-44df-b28e-e8331d7ac270,,Certified Professional Marketing (Asia Pacific),NUS - SIM,2013,Professional,,2026-01-07 05:55:42.319
40f7a25a-8da9-4a44-9af0-0034d83142d0,,DIPLOMA IN MASS COMMUNICATION,KDU PENANG,,Academic,,2026-01-07 05:55:42.319
330dea94-1134-41f7-abda-8f93578a17cb,,CTEFL,LONDON TEACHER TRAINING COLLEGE LTD,2020,Professional,,2026-01-07 05:55:42.319
61df6de8-00f4-4615-b8a2-81eba233951e,,CERTIFIED PRACTITIONER OF NEURO LINGUISTIC PROGRAMMING,"THE NATIONAL FEDERATION OF NEUROLINGUISTIC PROGRAMMING, USA",2021,Professional,,2026-01-07 05:55:42.319
b8d44cb8-51f2-42b3-af3d-a4a632cdc3a7,,FACEBOOK CERTIFIED MEDIA BUYING PROFESSIONAL,META,2021,Professional,,2026-01-07 05:55:42.319
527733fa-6c8e-4560-bbb2-e260ccec0bb6,,META CERTIFIED DIGITAL MARKETING ASSOCIATE,META,2021,Professional,,2026-01-07 05:55:42.319
cb1747e2-99b3-4db8-87fa-911714dc3974,,AI TOOLBOX FOR TRAINERS,MICROSOFT,2024,Professional,,2026-01-07 05:55:42.319
aa33e715-683b-472e-ac1e-6ff86f544665,,"AI EDUCATOR CERTIFICATION LEVEL 1, 2, 3","MAGIC SCHOOL INC, USA",2024,Professional,,2026-01-07 05:55:42.319
03409967-b5ac-472f-91e3-c29b1d5aae01,,CERTIFIED AI INSTRUCTOR,"AI LABS, MALAYSIAN DIGITAL",2025,Professional,,2026-01-07 05:55:42.319
89430628-b943-431f-a066-a58f06428354,,CERTIFIED AI INSTRUCTOR,"MALAYSIA-JAPAN INTERNATIONAL INSTITUTE OF TECHNOLOGY, UNIVERSITY TECHNOLOGY MALAYSIA",2025,Professional,,2026-01-07 05:55:42.319
c4efdaee-9c7e-4c90-a4da-bbf33a3ed174,4d8b4de4-f395-424c-bb8d-4415337d44f8,Executive DiplomaIn Engineering Business Management,Universiti Teknologi Malaysia,2022,Academic,,2026-01-07 05:55:42.319
9ab3e9ec-da19-4222-add2-ed2e2323f0d3,4d8b4de4-f395-424c-bb8d-4415337d44f8,HRDCorpAccreditedTrainer ,HumanResourceDevelopmentCorporation,2024,Professional,,2026-01-07 05:55:42.319
0a050af1-5193-48c8-a6f8-ec73a43071ba,4d8b4de4-f395-424c-bb8d-4415337d44f8,HRDCorpTrain-The-Trainer Exemption,HumanResourceDevelopmentCorporation,2024,Professional,,2026-01-07 05:55:42.319
6c7da7f1-f68d-46d3-80e4-c1ad93435bc8,4d8b4de4-f395-424c-bb8d-4415337d44f8,SijilKemahiranMalaysia:Latihan TenagaPengaja,"JabatanPembangunanKemahiran,KementerianSumberManusia",2024,Professional,,2026-01-07 05:55:42.319
f045596f-2ad0-4005-9f7d-31b168024b60,51f16cfe-5ca9-41fc-9f41-1bb8ecaf1ca3,Diploma in Aircraft Maintenance & Engineering,Nilai University,,Academic,,2026-01-07 05:55:42.319
77cc5f11-f3a1-4d2d-8da8-3aee2bd5a171,51f16cfe-5ca9-41fc-9f41-1bb8ecaf1ca3,Master of Educational Leadership & Management,Unitar International University,,Academic,,2026-01-07 05:55:42.319
ea753e56-15c6-49ec-9e80-acdfa1dc241b,,Bachelor Degree of Science  (Food Biotechnology),University Sains Islam Malaysia,,Academic,,2026-01-07 05:55:42.319
4298d733-ae8a-4965-b5a1-19490021f614,320d18ee-1edd-4279-882f-c8bc153dad63,MINI-MBA (STRATEGIC MANAGEMENT),"EUROPEAN INSTITUTE OF LEADERSHIP AND MANAGEMENT (DUBLIN, IRELAND)",2023,Academic,,2026-01-07 05:55:42.319
f1a9b229-01c2-4a23-90f9-fd5888541def,320d18ee-1edd-4279-882f-c8bc153dad63,PROGRAM DIPLOMA IN PROFESSIONAL CAREER SKILLS,"INTERNATIONAL BUSINESS MANAGEMENT INSTITUTE (BERLIN, GERMANY)",2022,Academic,,2026-01-07 05:55:42.319
8b2abd34-0be7-42f1-95f8-e34c1ee75a78,320d18ee-1edd-4279-882f-c8bc153dad63,BACHELOR OF MANAGEMENT INFORMATION SYSTEMS (HONS),INTERNATIONAL ISLAMIC UNIVERSITY MALAYSIA,2003,Academic,,2026-01-07 05:55:42.319
3b5e2b0a-7578-4d21-8344-120a7dbc59c9,320d18ee-1edd-4279-882f-c8bc153dad63,PROGRAM DIPLOMA IN PROFESSIONAL CAREER SKILLS,"INTERNATIONAL BUSINESS MANAGEMENT INSTITUTE (BERLIN, GERMANY)",2022,Professional,,2026-01-07 05:55:42.319
f49f2cf2-10fe-4172-a74e-4dd6bf6b6d8f,320d18ee-1edd-4279-882f-c8bc153dad63,CERTIFICATE IN TEACHING BUSINESS ENGLISH,INTERNATIONAL TEFL AND TESOL TRAINING,2018,Professional,,2026-01-07 05:55:42.319
4e2f4bf4-2b91-4313-92ac-82f8ceccab52,320d18ee-1edd-4279-882f-c8bc153dad63,CERTIFICATE IN TEACHING ENGLISH AS FOREIGN LANGUAGE,INTERNATIONAL TEFL AND TESOL TRAINING,2018,Professional,,2026-01-07 05:55:42.319
eb9ad2ea-cf96-4554-a69c-ed59dbca92d6,fa06e9ab-c24e-41c8-87fc-cc86d0d4954e,CQI & IRCA Lead Auditor for OHSMS ISO 45001,Chartered Quality Institute & IRCA UK,2020,Academic,,2026-01-07 05:55:42.319
f4d45f4c-6f24-4ab1-83c4-442afbdb5d25,fa06e9ab-c24e-41c8-87fc-cc86d0d4954e,MBA in International Business (Dissertation: Safety & Health Management System).,WIM/ University of East London (UEL),2011,Academic,,2026-01-07 05:55:42.319
0d56fda4-c4c0-400f-8037-22de7152dd33,fa06e9ab-c24e-41c8-87fc-cc86d0d4954e,Diploma in Manufacturing Management.,FMM IM/ University of Strathclyde,2005,Academic,,2026-01-07 05:55:42.319
6f069069-db53-4c31-ba89-d6cfeb102581,fa06e9ab-c24e-41c8-87fc-cc86d0d4954e,Certificate Safety & Health Officer,"NIOSH Bangi, Malaysia",1999,Academic,,2026-01-07 05:55:42.319
a91d4837-b8fe-4dec-92c9-b30a69642ec9,fa06e9ab-c24e-41c8-87fc-cc86d0d4954e,Diploma in SafeR+ (Behavioural Based Safety),Aubrey Daniel Institute UK,2005,Academic,,2026-01-07 05:55:42.319
08a8a06e-9faf-4e87-861f-2a8857a9d6e7,fa06e9ab-c24e-41c8-87fc-cc86d0d4954e,Train the Trainer,"NIOSH Bangi, Malaysia",1997,Academic,,2026-01-07 05:55:42.319
d1046660-1633-4bd3-a8e3-830fc2108985,fa06e9ab-c24e-41c8-87fc-cc86d0d4954e,Certificate Basic in Electrical (Domestic & Industry),Institute Latihan & Perindustrian Kuala Lumpur,1984,Academic,,2026-01-07 05:55:42.319
1cc02918-a1ed-4c82-b50a-094ce97955c5,fa06e9ab-c24e-41c8-87fc-cc86d0d4954e,Certified OSH Coordinator Competency Program Trainer,Department of Safety & Health (DOSH),2021,Professional,,2026-01-07 05:55:42.319
60bc7d45-9af5-4fee-a9bf-edf4a4fa9985,fa06e9ab-c24e-41c8-87fc-cc86d0d4954e,Certified Safety & Health Officer Competency Program Trainer,Department of Safety & Health (DOSH),2017,Professional,,2026-01-07 05:55:42.319
2dd3a5b9-33b3-43a7-a629-11977d874641,fa06e9ab-c24e-41c8-87fc-cc86d0d4954e,Certified HRDF Trainer,Human Resource Development Corporation (HRDC),2017,Professional,,2026-01-07 05:55:42.319
acb8148a-4e33-4dc3-aec2-16a5ea2f1d2c,fa06e9ab-c24e-41c8-87fc-cc86d0d4954e,International Basic Scaffold Supervisor,Simian Skill UK,2015,Professional,,2026-01-07 05:55:42.319
f4ef2a19-bb48-4708-be54-3f41b6eda556,fa06e9ab-c24e-41c8-87fc-cc86d0d4954e,Scaffolding Erector Lev. 1,Department of Safety & Health (DOSH),2014,Professional,,2026-01-07 05:55:42.319
5268b4d0-5ff1-4e04-8db2-8d573365b98e,fa06e9ab-c24e-41c8-87fc-cc86d0d4954e,Certificate Safety & Health Officer,Department of Safety & Health (DOSH),2000,Professional,,2026-01-07 05:55:42.319
5a47881e-2d71-4974-860a-3439acbb2b53,fa06e9ab-c24e-41c8-87fc-cc86d0d4954e,Certificate in Electrical (Domestic & Industry)/ Electrician,"Institute Latihan Perindustrian (Malaysia Industrial Training Institute, KL)",1984,Professional,,2026-01-07 05:55:42.319
9703ccd0-4c91-418e-843a-aa929def477c,a4ab223a-e9ee-473b-9d50-36d2f6383df6,COMPUTER DESIGNER,COLLEGE SHAHPUTRA KUANTAN,2006,Academic,,2026-01-07 05:55:42.319
11ce9c3f-2b85-43b9-b04c-701067346dd1,a4ab223a-e9ee-473b-9d50-36d2f6383df6,ELECTRICAL AND ELECTRONICS ENGINEERING,"MARA INSTITUTE OF TECHNOLOGY (UITM) DUNGUN, TERENGGANU",2009,Academic,,2026-01-07 05:55:42.319
af610259-3b5f-4420-874a-dc40253864ae,a4ab223a-e9ee-473b-9d50-36d2f6383df6,SAFETY & HEALTH OFFICER (SHO),"CONSIST COLLEGE, SELANGOR",2012,Academic,,2026-01-07 05:55:42.319
99f7ba6f-9c32-4805-b1e6-6fe7c5e64c45,a4ab223a-e9ee-473b-9d50-36d2f6383df6,SAFETY AND HEALTH OFFICER,Department of Occupational Safety & Health (DOSH),2012,Professional,,2026-01-07 05:55:42.319
e1b1bfac-205e-45bc-8210-78ef659ebfe8,a4ab223a-e9ee-473b-9d50-36d2f6383df6,Accredited Trainer,Human Resources Development Corp. (HRDC),2023,Professional,,2026-01-07 05:55:42.319
f7c43fcb-c26b-4260-8921-46714113f2ed,a4ab223a-e9ee-473b-9d50-36d2f6383df6,LIFTING SUPERVISOR COMPETENCY TRAINING & ASSESSMENT,Lembaga Pembangunan Industri Pembinaan Malaysia (CIDB),2015,Professional,,2026-01-07 05:55:42.319
3372fd7a-6ea0-4688-bf34-bfb9361d0ad1,a4ab223a-e9ee-473b-9d50-36d2f6383df6,SCAFFOLDER ERECTOR L2,Department of Occupational Safety & Health (DOSH,2008,Professional,,2026-01-07 05:55:42.319
def9824d-1f7e-46f4-ab5d-06ba5e059ef5,6e7fb7b7-7ae0-4ee5-85f8-7a152e19097c,Bachelor of Business Administration (BBA),Universiti Putra Malaysia,1999,Academic,,2026-01-07 05:55:42.319
cc6beb05-dc39-436c-a3f5-04aac4d59ec4,6e7fb7b7-7ae0-4ee5-85f8-7a152e19097c,SPM,Maktab Rendah Sains MARA,1994,Academic,,2026-01-07 05:55:42.319
76cd3557-6186-4074-98b6-c528a0a49109,6e7fb7b7-7ae0-4ee5-85f8-7a152e19097c,HRDC Accreditation,HRDC,2024,Professional,,2026-01-07 05:55:42.319
b450c262-4587-4b66-9365-ee9b25595017,6e7fb7b7-7ae0-4ee5-85f8-7a152e19097c,Certified Training Professional,Finance Accrediation Agency (FAA),2023,Professional,,2026-01-07 05:55:42.319
655dd942-59a3-4679-ac72-dd014fa0369a,6e7fb7b7-7ae0-4ee5-85f8-7a152e19097c,DISC Flow Certified Trainer,Discflow,2022,Professional,,2026-01-07 05:55:42.319
897b0c33-d70d-4619-b35b-9be5b02cfa98,6e7fb7b7-7ae0-4ee5-85f8-7a152e19097c,Virtual LearnCaster,EnSync Learning,2020,Professional,,2026-01-07 05:55:42.319
2e9916f0-23aa-4222-b8e1-9195c512110d,6e7fb7b7-7ae0-4ee5-85f8-7a152e19097c, Assessor Capability Development Professional,ILM,2016,Professional,,2026-01-07 05:55:42.319
7f221b20-66b7-41f2-a7ad-36fe4f7c64f7,,Bachelor Of Education,University Tun Abdul Razak,2009,Academic,,2026-01-07 05:55:42.319
fad009e8-9e8f-451c-85d2-579d366aa413,,Master in Business Administration,University Tun Abdul Razak,2021,Academic,,2026-01-07 05:55:42.319
877a0545-379a-4de7-8bce-166c785fee43,,Train The Trainer,HRDCorp,2019,Professional,,2026-01-07 05:55:42.319
b08d7ab4-6ff3-4040-8902-2228b5c52df5,,Train The Trainer,Niosh,2022,Professional,,2026-01-07 05:55:42.319
8ffd2e0d-ccb1-4d71-b1e1-df38ce9eeb22,,,,,,,2026-01-07 05:55:42.319
ea280a29-d915-4af8-8fb9-48d221bba55e,,,,,,,2026-01-07 05:55:42.319
fbb460ae-a40c-4f88-88a9-6fdd83e3a30a,,Diploma In Science,University Technology Mara,1990,Academic,,2026-01-07 05:55:42.319
ff369a09-a7b5-4d97-ac9b-88cea648e1ee,,Safety & Health Officer,NIOSH,2004,Professional,,2026-01-07 05:55:42.319
5464977d-c4f1-49be-8e76-cd63b3f3023e,,Train The Trainer,NIOSH,2009,Professional,,2026-01-07 05:55:42.319
7aeaa707-119d-4ab6-a0e7-8f7e7aa26e93,,Mastery Professional Learning Facilitator,Take Charge Sdn Bhd,2019,Professional,,2026-01-07 05:55:42.319
7039cee5-feca-4688-b90c-905eb0af0fb6,,Professional OSH Trainer,MSOSH,2023,Professional,,2026-01-07 05:55:42.319
0f72644c-8a1f-47b0-bbe7-fe210ea05ec7,,PSMB Certified and Accredited Trainer,,,Professional,,2026-01-07 05:55:42.319
30450a75-2119-4a8d-9b2f-870527a6fa23,,Certified NLP Practitioner (NFNLP) USA,,,Professional,,2026-01-07 05:55:42.319
e8ebcfc5-1282-45fd-882a-e1b6427215e5,,Certified Coaching and Mentoring Professional,,,Professional,,2026-01-07 05:55:42.319
e7cad193-ee01-406e-8e97-ad27e0dba7a9,,Business Process Improvement Green Belt Award,,,Professional,,2026-01-07 05:55:42.319
5b1a4e56-e56f-42f2-b21e-6ab618c7b709,102db345-b220-4e3e-ac32-b1d024007260,Bachelor Degree of Economy,National University of Malaysia (UKM),2022,Academic,,2026-01-07 05:55:42.319
cef480a3-44ce-4d59-8d3b-7f783c55df3b,102db345-b220-4e3e-ac32-b1d024007260,Sijil Tinggi Pelajaran Malaysia,Tuanku Muhammad School,2017,Academic,,2026-01-07 05:55:42.319
1f28a7c8-5261-4950-b61a-cd9410b9e911,102db345-b220-4e3e-ac32-b1d024007260,Certified HRD Corp PSMB Train The Trainer (TTT),Human Resource Development Corporation,2023,Professional,,2026-01-07 05:55:42.319
7e17e503-196d-417f-ab0a-aded4a365e0c,102db345-b220-4e3e-ac32-b1d024007260,Professional Certificate in Supervisory Management,Malaysia Institute of Human Resource Management,2022,Professional,,2026-01-07 05:55:42.319
a6f17b69-3054-4133-8d60-aa4bdbae0f28,102db345-b220-4e3e-ac32-b1d024007260,Professional Certificate in Sales & Marketing Operation,Jabatan Pembangunan Kemahiran Malaysia (JPK),2022,Professional,,2026-01-07 05:55:42.319
4fecc717-3c34-4fcf-b62e-3db59e285f09,102db345-b220-4e3e-ac32-b1d024007260,Professional Certificate in Digital Marketing ,Hubspot Academy,2022,Professional,,2026-01-07 05:55:42.319
feea57d7-788c-46eb-b5b4-7b3341adeae0,bf2ad09d-5c79-4c14-b504-1d06262accc9,Diploma in Hotel Management  ,Secteh Singapore ,1998,Academic,,2026-01-07 05:55:42.319
852ece09-d09b-4fa3-9e1e-0fe40be1a521,bf2ad09d-5c79-4c14-b504-1d06262accc9,Diploma in Human Resource ,Stamford College Kuala Lumpur ,2002,Academic,,2026-01-07 05:55:42.319
764c6a4b-d9ea-4934-b59e-facc0c709a17,bf2ad09d-5c79-4c14-b504-1d06262accc9,MBA in Human Resourse ,Stamford College Kuala Lumpur ,2006,Academic,,2026-01-07 05:55:42.319
e3d9126d-88c3-41c2-a5d5-8da8272d6c59,bf2ad09d-5c79-4c14-b504-1d06262accc9,IR Officer certificate ,Malaysian Institute Of Human Resource Management (MIHRM),2018,Academic,,2026-01-07 05:55:42.319
a319b1a8-f1e9-405a-b0ce-0d9739b88ce1,bf2ad09d-5c79-4c14-b504-1d06262accc9,Certified Hospitality Trainer ,AHLA,2007,Professional,,2026-01-07 05:55:42.319
0277f844-4cdb-42eb-8087-dd9dc218406d,bf2ad09d-5c79-4c14-b504-1d06262accc9,ASEAN Master Trainer & Assessor,William Angliss Intitute Melbourne Australia,2012,Professional,,2026-01-07 05:55:42.319
062f9e71-f165-4fd9-a068-356f415b181e,bf2ad09d-5c79-4c14-b504-1d06262accc9,Assessor for RPLE Diploma ,The Great Britain College Consortium ,2014,Professional,,2026-01-07 05:55:42.319
49d3ae92-c4e4-4be3-8a35-f149c592243b,bf2ad09d-5c79-4c14-b504-1d06262accc9,ONLINE EDUCATOR COURSE ,The America Hospitality Academy ,2020,Professional,,2026-01-07 05:55:42.319
88d85cc3-3f3d-4f8f-9739-8c1087d5a996,, MBA (Master of Business Administration),INTI International University ,2019,Academic,,2026-01-07 05:55:42.319
d2b2d23b-a972-4d34-9219-3f5e66197c9e,,Bachelor Degree of Technology (Honours) (Food),University Saints Malaysia (USM),2005,Academic,,2026-01-07 05:55:42.319
22d49fbb-3905-4fb1-b10c-4490351495e3,,Professional Certificate in Event Management ,European International University,2023,Professional,,2026-01-07 05:55:42.319
b2c6f0ff-a656-466a-bef9-1436de9f7969,, Certified Export Professional (CEP),European International University,2022,Professional,,2026-01-07 05:55:42.319
a7f66df5-8f2e-4a3b-9730-7e1232dee826,,Licensed Practitioner of Neuro-Linguistic Programming (NLP),Adam Khoo Learning Technologies Group Pte Ltd ,2019,Professional,,2026-01-07 05:55:42.319
439df27a-d6c2-48a0-819b-357015259c5f,,Competent Leader (CL),Toastmaster International ,2017,Professional,,2026-01-07 05:55:42.319
0bd5ad78-d90f-422a-8df5-8a4fe9661c6c,,Competent Communicator (CC),Toastmaster International ,2016,Professional,,2026-01-07 05:55:42.319
