id,trainerId,company,position,start_date,end_date,description,created_at
3ee6a059-ba53-46d2-9dd7-a17cddabc7bd,2e1976a6-80d0-494b-9b72-339d2c5a3aa9,STRAND AEROSPACE MALAYSIA SDN BHD,AEROSPACE DESIGN ENGINEER,2012,2014,,49:36.3
11a9ec37-665d-4206-9ac6-371952930d06,2e1976a6-80d0-494b-9b72-339d2c5a3aa9,ISTIQ NOISE CONTROL SDN BHD,SR TECHNICAL SUPPORT AND APPLICATION ENGINEER,2014,2017,,49:36.3
084159b2-8902-4bbf-bc64-2f6359c8694d,2e1976a6-80d0-494b-9b72-339d2c5a3aa9,SR. DESIGN ENGINEER (AEROSPACE),WZS TECHNOLOGIES SDN BHD,2017,2018,,49:36.3
849242a8-9dfd-42ec-a8d8-883351b97216,2e1976a6-80d0-494b-9b72-339d2c5a3aa9,FEIRAN,SENIOR APPLICATION ENGINEER (DIGITAL MANUFACTURING),2022,2024,,49:36.3
31fbf00d-aa2d-4c98-b066-c608d042c4cc,2e1976a6-80d0-494b-9b72-339d2c5a3aa9,FREELANCE TRAINER,FREELANCE TRAINER,2022,2024,,49:36.3
b6e1f2ab-eb3a-484f-a6ee-bd42b794861a,2e1976a6-80d0-494b-9b72-339d2c5a3aa9,STRAND AEROSPACE MALAYSIA SDN BHD,AEROSPACE DESIGN ENGINEER,2012,2014,,49:36.3
333cb1dc-aab4-45cd-b5b4-93c7a634024b,2e1976a6-80d0-494b-9b72-339d2c5a3aa9,ISTIQ NOISE CONTROL SDN BHD,SR TECHNICAL SUPPORT AND APPLICATION ENGINEER,2014,2017,,49:36.3
575a1250-9941-4d8b-9a3d-51d9939f2f87,2e1976a6-80d0-494b-9b72-339d2c5a3aa9,SR. DESIGN ENGINEER (AEROSPACE),WZS TECHNOLOGIES SDN BHD,2017,2018,,49:36.3
5f606dea-3eb8-43db-93d1-567720b096e4,2e1976a6-80d0-494b-9b72-339d2c5a3aa9,FEIRAN,SENIOR APPLICATION ENGINEER (DIGITAL MANUFACTURING),2018,2023,,49:36.3
ccbb877f-5c43-4761-9d62-3a990751d51a,2e1976a6-80d0-494b-9b72-339d2c5a3aa9,FREELANCE TRAINER,FREELANCE TRAINER,2022,2024,,49:36.3
e2c231df-56ea-4056-b2c5-dc40f477d285,2e1976a6-80d0-494b-9b72-339d2c5a3aa9, Kelab Pidato Perdana Antarabangsa (KEPENTAS),"Deputy Director, Kelab Pidato Perdana
 Antarabangsa (KEPENTAS)",,,,49:36.3
ed11f47c-b6f2-4e3a-8722-72bb834cf653,2e1976a6-80d0-494b-9b72-339d2c5a3aa9,"Foundation forCritical Thinking, USA"," Member,Foundation forCritical Thinking, USA",,,,49:36.3
f5712ad7-f050-4296-b682-9d567a064419,2e1976a6-80d0-494b-9b72-339d2c5a3aa9,"MalaysianAssociation for the
 Education of Philosophy and Thinking (PPFPM)"," Member,MalaysianAssociation for the
 Education of Philosophy and Thinking (PPFPM)",,,,49:36.3
f6b344bd-7a55-462d-a94d-1793b35517a2,2e1976a6-80d0-494b-9b72-339d2c5a3aa9,AIGhazaliChair Philosophical Community ofISTAC,"Member,AIGhazaliChair Philosophical
 Community ofISTAC",,,,49:36.3
d3142381-53e9-4936-b9b4-003f00d34842,2e1976a6-80d0-494b-9b72-339d2c5a3aa9,Malaysian Philosophy Society (MyPhilSoc),"Member,Malaysian Philosophy Society
 (MyPhilSoc)",,,,49:36.3
2ecb8726-0b78-469b-9516-a5dbaa220185,2e1976a6-80d0-494b-9b72-339d2c5a3aa9,TzuChiFoundation Malaysia (Klang Branch),"Member,TzuChiFoundation Malaysia (Klang
 Branch)",,,,49:36.3
d1805d33-1b87-4604-a9ee-8a56ce5c3549,2e1976a6-80d0-494b-9b72-339d2c5a3aa9,International Federation of Philosophical Societies (FISP),"Affiliate Member, International Federation of
 Philosophical Societies (FISP)",,,,49:36.3
2f1c77f9-f51a-4b4a-834c-a6aa882e1cd2,2e1976a6-80d0-494b-9b72-339d2c5a3aa9, TheInternational Council for Philosophy and Human Sciences (CIPSH),"Affiliate Member, TheInternational Council for
 Philosophy and Human Sciences (CIPSH)",,,,49:36.3
62a81575-e09b-4415-b259-cd04d01550ea,2e1976a6-80d0-494b-9b72-339d2c5a3aa9, Logic Lab Training And Development, Logic Lab Training And Development,2018,2025,,49:36.3
f358360b-61a7-461c-98db-2a1219cfb001,2e1976a6-80d0-494b-9b72-339d2c5a3aa9,Heir Dynasty (M) Sdn Bhd,EXECUTIVE DIRECTOR ,2014,2019,,49:36.3
c4cbf5ba-2126-43ee-8fde-e4a13b6f16e5,2e1976a6-80d0-494b-9b72-339d2c5a3aa9,Maan Healthcare (M) Sdn Bhd,BUSINESS DEVELOPMENT DIRECTOR ,2010,2014,,49:36.3
77261ede-f9e4-4696-9a25-2800a4244fc5,2e1976a6-80d0-494b-9b72-339d2c5a3aa9,Ji's FasMon (M) Sdn Bhd, DIRECTOR,2010,2014,,49:36.3
f8bd5afc-70eb-4306-8453-8700dc483503,ed2d3e32-d803-42c2-b350-c7fa430c07c0,Thosco Treatech Sdn Bhd,Process Engineer,2005,2007,,49:36.3
3bea5f79-8a63-46db-a284-36ac1f38669e,ed2d3e32-d803-42c2-b350-c7fa430c07c0,Komag (USA) Bhd,Procurement Engineer,2007,2007,,49:36.3
7b475d64-b820-4aad-b5dc-d99659df1f9a,ed2d3e32-d803-42c2-b350-c7fa430c07c0,Toyo-Memory Technology Sdn Bhd,"A.Manager of Environment, Safety and Health Department",2008,2022,,49:36.3
9ecda13e-a3da-4ac4-b002-3d3761021b67,ed2d3e32-d803-42c2-b350-c7fa430c07c0,Boon Siew Honda Sdn Bhd,"Manager of Building, Environment, Safety and Health Department",2022,2023,,49:36.3
f4b41f23-824e-4728-ae96-d0ac1f35525b,cc89f95d-ede5-4293-acc1-35b95b41e813,HELP University,"Lecturer – Personal Branding, Business Communication, English for Specific Purposes, IELTS, Job Simulation (Degree & Diploma)",2018,2023,,49:36.3
65c7eed6-a51e-47c5-a5ba-26310ffb5915,cc89f95d-ede5-4293-acc1-35b95b41e813,UCSI University,"Lecturer – Presentation Skills, Communication",2017,2018,,49:36.3
5e06628d-b050-4197-8b28-ea6ad66f1e5a,cc89f95d-ede5-4293-acc1-35b95b41e813,Kolej Gemilang,Head of English Department,2009,2014,,49:36.3
0ac764b9-9a0a-44ff-a531-be57e691c640,cc89f95d-ede5-4293-acc1-35b95b41e813,Kolej Gemilang,Lecturer,22008,2009,,49:36.3
8b4dde8e-3bd9-428c-bcc1-d76b4419a197,cc89f95d-ede5-4293-acc1-35b95b41e813,Tahan Insurance/Great Eastern Life,Agent,1995,2008,,49:36.3
4850204f-b445-4904-8507-c8e11faa8fce,cc89f95d-ede5-4293-acc1-35b95b41e813,TQS Management Sdn Bhd,PA - Contracted,2008,2008,,49:36.3
c515d5d5-c360-465d-8fb5-7f4b91602f50,cc89f95d-ede5-4293-acc1-35b95b41e813,Centuria Academy,"Trainer (Soft Skills, Interview Behavioural Questions, Aviation Safety and Security – Dip)",2006,2020,,49:36.3
1413fbff-4f99-4045-8b09-32c40805d202,36887bff-272f-4913-bb43-4651e73227f2,PRIVATE HOSTER NEWORK,Technical Consultant,2006,Present,,49:36.3
b42abc2f-026c-483c-86fb-2d9b1a7e1c85,36887bff-272f-4913-bb43-4651e73227f2,Malaysia Digital Economy Corporate,eUsahawan Certified Trainer,2018,Present,,49:36.3
eda22564-66af-4b7e-a17f-54f12a8506a2,36887bff-272f-4913-bb43-4651e73227f2,Human Resource Development Corporation, Digital Marketing Trainer,2019,Present,,49:36.3
6dda38d0-1d53-4478-8d3f-974262e75fb7,d240fdb0-29b4-450d-862c-6ef4de24d90c,Universiti Tunku Abdul Rahman (UTAR),Senior Lecturer,2016,Present,,49:36.3
56add87d-5187-4291-baa5-a91a90bbe99e,d240fdb0-29b4-450d-862c-6ef4de24d90c,Universiti Malaysia Kelantan (UMK),Lecturer,2013,2016,,49:36.3
6cc347e9-8235-4a19-b148-81802dd64a73,d240fdb0-29b4-450d-862c-6ef4de24d90c,Universiti Malaysia Sabah (UMS),Lecturer,2011,2013,,49:36.3
3f125a60-0493-4cc6-9f94-3a0847a2d6b2,f3b39ecc-6390-4ad5-95c5-3db52abdd2da,"Intel, Penang",HR Assistant Manager,2009,2014,,49:36.3
63f8039a-ace3-4fcf-b223-a360fb50c409,f3b39ecc-6390-4ad5-95c5-3db52abdd2da,"Yakin Kerjaya Sdn.Bhd, Penang",HR Manager & Training Coordinator,2015,2020,,49:36.3
929d6691-c1bd-413d-9304-8849b6368111,0,Ikhtiar Muda Enterprise,Project Manager ,,,,49:36.3
1d821889-616b-4b12-87ed-acd24d0bd0d1,0,ID Industries Sdn Bhd,Project Manager ,,,,49:36.3
e9fcdc15-0bd6-44b3-b431-3ed9d2bc7014,0,Sportathlon (M) Sdn Bhd,Consultant ,,,,49:36.3
dc0c2f7c-1861-419b-8ce0-d630b8c6e82f,0,Jatomi Fitness (M) Sdn Bhd,Senior Consultant ,,,,49:36.3
2bb9a8ac-804d-4c17-94e9-9526a562ae76,0,Kamen Twintech,Commercial Manager ,,,,49:36.3
a4ae0ed4-dc4e-4f52-b29c-b287c4925125,0,Wak Reja Katz Entertainment ,Commercial Manager ,,,,49:36.3
072d6342-8e48-471d-a602-5f34fac1a1fc,0,Directive Training International Sdn Bhd,Director of Sales & Marketing ,,,,49:36.3
69ab0d23-fd79-4698-b248-bd31fa2d0384,906dc6c6-edee-4ef6-8e93-427f8e9bf402,DriveSMART Asia SDN BHD,Principal Trainer,,current,,49:36.3
565a7bf5-8a9a-4eee-9939-7654f35cc3ce,906dc6c6-edee-4ef6-8e93-427f8e9bf402,Malaysian Association for the Deaf of Selangor and The Federal Territory,Consultant & Principal Trainer,,current,,49:36.3
fe58f9dd-eef3-4738-9db7-2ffeb53a9a05,906dc6c6-edee-4ef6-8e93-427f8e9bf402,Malaysian Institute of Road Safety (MIROS),Motorcycle Safety Trainer,,current,,49:36.3
cf5dd17d-0e8d-42f8-9aae-a0086638cdb7,3b7e3c38-4a70-416b-a40e-7e293cf0d586,Advanced Certificate in International Technical Communication,Project Educator for BTEC Level 3,,,,49:36.3
c8cb62b7-2a97-4151-a770-554a7f7d0fbb,3b7e3c38-4a70-416b-a40e-7e293cf0d586,"My Career My Future (MCMF), Graduate Aptitude Programme (GAP), Graduate Career Accelerated Programme (GCAP)",Project Educator ,,,,49:36.3
e179e1d2-44c7-4bdc-87e2-c0012019b69d,3b7e3c38-4a70-416b-a40e-7e293cf0d586,Asst COO,Operation Manager in Medical Equipment industry,,,,49:36.3
724aeda3-eeca-41f9-a3b6-87cfc55f29f1,3b7e3c38-4a70-416b-a40e-7e293cf0d586,Teacher ,"Cambridge Movers, KET, FCE and Business Results",,,,49:36.3
2fadd3dc-c42a-4b20-a4b9-1e47bd611785,0,Vice President of Marketing & Training Design,Prima Alam Technologies Sdn Bhd & Asiatech Education Sdn Bhd,2023,Present,,49:36.3
32d95e34-d499-4e6c-a52f-69fea42db999,0,Co-Founder ,"Centre of Excellence for Research Innovation (CERI), Asiatech Education Sdn Bhd",2023,Present,,49:36.3
6c8d4c7c-19c2-4fb2-959f-c9e71a0b6708,0,Global Engage Sdn Bhd,Conference Sales Manager (Sponsorship & Delegates),2018,2019,,49:36.3
bd877a96-89ac-4ffc-b8b8-b93ec3f9e0cc,0,UCSI University,Marketing Communication Manager,2017,2018,,49:36.3
330ebd43-ccaa-4f4a-b108-4651b9587d63,0,JFPS Group (M) Sdn Bhd ,Sponsorship Team Leader (Conference & Forum - Asia Pacific,2008,2009,,49:36.3
e949b0f9-a03b-477a-a269-d86b3e60731d,0,r Fusion Design Sdn Bhd,Accounting & Admin Manage,2007,2008,,49:36.3
0567f0fe-b142-45f3-9067-fc9ca45b9c47,320811cf-7d30-474f-9477-afb0f6ce6801,DAKOTA INTEGRATED SERVICES SDN BHD,FINANCE MANAGER,2013,2017,,49:36.3
39143493-225e-4397-8ba9-879337a4d4b6,320811cf-7d30-474f-9477-afb0f6ce6801,ZAI BUSINESS SOLUTION,FOUNDER,2021,PRESENT,,49:36.3
0a4759aa-dd45-4fab-a514-b88e9e3b733a,39645d21-f697-4cdc-bde6-162653963ef0,Deloitte Tax Services (Malaysia),Corporate Tax Associate,2019,2020,,49:36.3
5c3a8390-92eb-4b62-9902-63194d158f58,39645d21-f697-4cdc-bde6-162653963ef0,Ekuiti Nasional Berhad,Finance Executive,2020,2020,,49:36.3
ad0ae403-4be6-4ec1-b466-90de0269366a,39645d21-f697-4cdc-bde6-162653963ef0,PricewaterHouse Coopers Tax Services (Malaysia),Transfer Pricing Executive,2020,2021,,49:36.3
eee7f363-15db-46db-ad5b-dee818617336,39645d21-f697-4cdc-bde6-162653963ef0,Osome London Plt,Accountant,2021,2022,,49:36.3
d017f7f1-1604-49e2-9c30-fbc5865d4ab2,0,Academician / Professor ,Universiti Teknologi Malaysia (UTM),1997,Present,,49:36.3
2396e3ad-eaf0-4d86-bf30-f57c6b230db9,0,Industrial Engineer,Proton (Engine & Transmission Department),,1887,,49:36.3
b3c74924-c4f9-4966-80ca-b13fbdcd22cc,0,"Colgate Palmolive (Malaysia, Singapore, Brunei, Indonesia, Philippines",Various Supply Chain & Operations Management Roles ,,,,49:36.3
b0656e8e-54d6-40a0-8c76-1583a062d9cd,0,Masterskills University College,"Legal, Compliance, Company Secretarial & HR Manager ",,,,49:36.3
4e4976fa-b87e-4d10-9412-9064c9a42e25,0,Sri Al-Amin Bangi Sdn Bhd,HR Manager,,,,49:36.3
56908bf8-4cda-4701-b7ef-e0ffe0bb294a,0,Kopetro Ventures Sdn Bhd,HR Executive,,,,49:36.3
6afdaa49-93fa-4035-bfe4-b0b6440cc221,0,Various Multinational Corporations (MNCs),Legal Department Roles,,,,49:36.3
ff809139-8d1f-42e9-beaf-ff8896ef8106,0,Infinite Global Business Advisory (IGBA),Training & Consultancy,,,,49:36.3
2276895b-e66e-4d38-9843-f483c3c5dbd8,7331a135-ff3b-412f-bf04-715f5afb8586,Antah Schindler ,Technical Assistant (Maintenance),1990,,,49:36.3
dbe4c5ea-ba3d-402b-985f-e20ae56ff4e0,7331a135-ff3b-412f-bf04-715f5afb8586,Antah Schindler,"Engineer (R&D, Testing & Commissioning)",1992,1996,,49:36.3
52ff746c-bbeb-48f2-afa5-e7dbaea7191b,7331a135-ff3b-412f-bf04-715f5afb8586, Antah Schindler,Training Manager,1998,2000,,49:36.3
01403f3b-6c8b-483d-9517-dc2c6fd942f5,7331a135-ff3b-412f-bf04-715f5afb8586,Antah Schindler,Head of Modernization,2001,2017,,49:36.3
e2c10638-fa0f-48b8-9c02-4dc63571f59a,7331a135-ff3b-412f-bf04-715f5afb8586,Antah Schindler,"Service, Operation and Modernization Director",2008,2013,,49:36.3
716e4d5f-b54f-48ce-9e45-82fe4c4f3fd8,7331a135-ff3b-412f-bf04-715f5afb8586,Antah Schindler,COO / Managing Director,2014,2015,,49:36.3
9b11f751-eeec-4aad-8e0c-dc458d405c06,7331a135-ff3b-412f-bf04-715f5afb8586,Titi Maju ,Managing Director,2012,2019,,49:36.3
07968bca-5241-42c5-a15b-660381f28fae,7331a135-ff3b-412f-bf04-715f5afb8586,Antah Schindler,Consultant / Technical Training Directo,2016,2019,,49:36.3
a806ad99-b4df-4a61-a8b9-4b61dd5f3576,7331a135-ff3b-412f-bf04-715f5afb8586,Malea (Malaysia Lift & Escalator Association),Technical Chairman,2017,2022,,49:36.3
cf64dfad-7c97-4701-9a9b-3d63459894a0,7331a135-ff3b-412f-bf04-715f5afb8586,JKKP,JKKP Board Of Examiner for Lift Competent Person,2017,2022,,49:36.3
8777cc23-35e0-4df5-b5e8-bd601b4c4b6e,7331a135-ff3b-412f-bf04-715f5afb8586,JKKP,Lift Competent Person Trainer,2017,current,,49:36.3
dab0d7da-bb0a-411a-8a57-a9c682a1ee9d,7331a135-ff3b-412f-bf04-715f5afb8586,JPK,SKM PP-PPT in Lift and Escalator,2022,current,,49:36.3
6aa98c19-21db-40f2-b56e-89890f556610,7331a135-ff3b-412f-bf04-715f5afb8586,,COB KL Panel of Expert and Trainer,2023,current,,49:36.3
e59c2e4f-6038-4413-848d-663dde9d61c6,7331a135-ff3b-412f-bf04-715f5afb8586,Kuala Lumpur & Selangor Property Investors Club (PIC),President,2025,current,,49:36.3
01564221-ec80-4097-b21a-feed98604a3a,d308073f-e07d-4093-b45b-a8bbbf4945a3,Canon Marketing Malaysia,Service Engineer,1991,2006,,49:36.3
a36d35b4-654c-48bb-9d1e-25b736e963f4,d308073f-e07d-4093-b45b-a8bbbf4945a3,Carsem (M ) Sdn Bhd,Engineer,2006,2010,,49:36.3
b878cede-5975-4394-b8db-c50840513082,d308073f-e07d-4093-b45b-a8bbbf4945a3,STATS Chippac (M) Sdn Bhd,Senior Engineer,2010,2011,,49:36.3
ac1bfc02-929f-4403-9412-7b22a444a4fb,d308073f-e07d-4093-b45b-a8bbbf4945a3,Finisar,Senior Engineer,2011,2013,,49:36.3
3b68c009-2de9-4db3-b5c3-a3dca1fff3ce,d308073f-e07d-4093-b45b-a8bbbf4945a3,Aker Solutions,Senior Engineer,2013,2015,,49:36.3
524cbc3b-26c6-49a3-945b-ac477ffad958,d308073f-e07d-4093-b45b-a8bbbf4945a3,Tialoc,Senior Engineer,2016,2016,,49:36.3
27072fbc-c75f-4c7b-82a4-3acfd5620964,d308073f-e07d-4093-b45b-a8bbbf4945a3,M+W HighTech Industries,Senior Engineer,2017,2018,,49:36.3
cea169ee-b3c7-432b-8f11-10ac42a7e05e,dc461404-0b48-483d-a541-ca0e099e615c,FIFOYO.com,Founder & Lead Consultant,,,,49:36.3
21969d0c-2f4d-447d-b864-e3a87151f5ab,dc461404-0b48-483d-a541-ca0e099e615c,"Oil & Gas, Facilities Management, Logistics, and Manufacturing sectors",Lead Consultant in Digitalized Transformation,,,,49:36.3
a9212552-6dea-4830-a860-3204b054a09a,dc461404-0b48-483d-a541-ca0e099e615c, Nanyang Technological University Alumni Association (Malaysia),President,,,,49:36.3
41f0866f-5f6a-4b49-a9e3-104a8d06fddf,dc461404-0b48-483d-a541-ca0e099e615c,"Nanyang Technological University Alumni Association Council, Singapore",Executive Committee Board Member,,,,49:36.3
db08d0b2-4bcc-4fdc-aeb5-7f45fbcc75d3,0,PMB Kulim Quarry Sdn Bhd,Quarry Supervisor / Quarry Manager,1980,1985,,49:36.3
d04aec8b-7497-4d4d-9796-180b0a991588,0,Hume Industries Sdn Bhd,Rockphase Development Manager,1985,1992,,49:36.3
d46bd7c1-6ae3-4fef-9773-c50af3e543bf,0,Metroplex Sdn Bhd,Quarry Manager,1992,2005,,49:36.3
bdaa5e38-452b-435a-b419-dcf1143f184c,0,Lafarge Aggregate Sdn Bhd,Senior Operation Manager / Manufacturing Manager,2006,2016,,49:36.3
6e6daa39-d4a2-46cd-9214-65575fdb6e62,0,Aalborg Portland Cement Malaysia Sdn Bhd,Plant and Quarry Support Manager,2016,2018,,49:36.3
67a5fabc-24a8-4303-bab6-d255b54bc38a,0,MC Mining Services Sdn Bhd,Consultant,2018,2022,,49:36.3
7d5f728f-0725-442f-8cc1-4357899c8472,0,Bina Wawasan Consultancy ,Principal Consultant,2023,current,,49:36.3
7dfeaeaf-4bc1-4970-acc5-c1b35e63692e,2379c6ba-b1d2-4f3f-845d-28220e215071,,Freelance Trainer and HR Consultant ,2016,present,,49:36.3
2a5a0e26-7f7c-45b5-bf7d-adaf38e6b6f3,2379c6ba-b1d2-4f3f-845d-28220e215071,Labuan Financial Services Authority,Head Of HR,2011,2015,,49:36.3
eb68e78c-299e-4167-be45-9d9378d52807,2379c6ba-b1d2-4f3f-845d-28220e215071,Al Rajhi Bank (M) Bhd,"VP, Talent Acquisition/Development/Employee Relations",2009,2011,,49:36.3
750377d5-a8ca-457e-8ff6-1b2873e1a6ac,2379c6ba-b1d2-4f3f-845d-28220e215071,PwC (SEAPEN) ,HR Manager,2007,2009,,49:36.3
c854e07e-ae52-4d0a-a038-a448b555dc42,2379c6ba-b1d2-4f3f-845d-28220e215071,Dell Asia Pacific Sdn,HR Manager,2005,2007,,49:36.3
1dc64c96-176f-4242-8315-38641beb6483,2379c6ba-b1d2-4f3f-845d-28220e215071,Irshad Consulting Sdn Bhd,HR Consultant,2001,2005,,49:36.3
3b850592-518b-49ba-83c2-de929a984d46,2379c6ba-b1d2-4f3f-845d-28220e215071,Compaq Computer (M) Sdn Bhd,HR Specialist,1997,2001,,49:36.3
46ae8458-ee85-403c-840e-6a8fa8ad74b3,2379c6ba-b1d2-4f3f-845d-28220e215071,Rashid Hussain Securities Sdn Bhd,HR Executive,1997,1999,,49:36.3
bfa4c3a9-bbfe-48fe-a42c-1c30ffa16cee,2379c6ba-b1d2-4f3f-845d-28220e215071,Celcom (M) Berhad,Head of Database,1995,1997,,49:36.3
3013b455-4439-4c65-b0b0-61fa92f2f183,0,IO WEB STUDIO SDN BHD,Fulltime Client Trainer – for all Internal System and Product Program Applications,2010,2023,,49:36.3
55f246ba-7a79-4703-befb-112de083e3d2,0,CAD Partners Sdn Bhd,In House Software Trainer for AutoCAD Application,2006,2007,,49:36.3
0854fb67-e0cc-4a47-ac59-6adc0a2596b8,0,Paver Tech Sdn Bhd,E Ecommerce Business Development Consultant,2007,2010,,49:36.3
615cd983-7202-4f2f-be83-22370ed42651,0,HebeSec Technologies Pvt. Ltd and HebeSec Technologies Sdn.Bhd,Project Manager,2020,2022,,49:36.3
8f5069ef-bf21-417c-b74c-5d055263e4c7,0,WISMA YPC,Telemarketer,2021,2021,,49:36.3
97339c52-1387-445e-a45d-09bd16e3e105,0,Intelligence Sandbox Sdn.Bhd,Cyber Security trainer,2022,Present,,49:36.3
e2fbde68-750f-44fe-a6c5-8406dfe949fa,34851953-d076-40e5-a836-0f9e72a484d4,Ixora Hotel Sdn Bhd,Financial Controller,,,,49:36.3
41c9c33a-49b3-41d8-8625-e8d4a82f876b,34851953-d076-40e5-a836-0f9e72a484d4,Limmas (Malaysia) Sdn Bhd,Finance Director,,,,49:36.3
cf91f9f3-022d-4bf7-ba45-3ffcda5827f6,34851953-d076-40e5-a836-0f9e72a484d4,Frangipani Langkawi Resort,Financial Controller,,,,49:36.3
6cdc72f6-8f88-4c6d-8410-7d212f2986da,34851953-d076-40e5-a836-0f9e72a484d4,Rainbow Paradise Resort,Finand and Admin Manager,,,,49:36.3
dc1a5728-eb66-4ab1-bc8d-b71eace2df26,34851953-d076-40e5-a836-0f9e72a484d4,Iconic Hotel,Finance Manager,,,,49:36.3
a344e29a-bfbe-43e3-a997-8c4aedd2d282,0,PAD Synergy Consultancy Sdn Bhd,"Director, IT Consultant & IT Trainer",2016,Present,,49:36.3
819d61dc-4809-4748-a14b-046ebbe72acd,0,Rayani Air Sdn Bhd,IT Head of Department,2015,2016,,49:36.3
1832b2d7-581e-4967-b1af-94fbca2ac0c1,0,AKB Technologies,IT Technical Director,2007,2014,,49:36.3
0ac71acf-4642-422c-851d-5e7234b984b0,0,HSBC Electronic Data Processing (Malaysia) Sdn Bhd,Global Support Executive,2004,2007,,49:36.3
bc758790-9b6d-4478-9f12-49815964e2b9,0,Saito College PJ,IT Executive,2002,2003,,49:36.3
2f8940e2-3d8d-4b73-b940-84d266c408ca,b843c483-ce2e-46fd-94a1-22b21f727be4,"PENANG SKILLS DEVELOPMENT CENTRE, PSDC",Part Time Lecturer,2008,2010,,49:36.3
ef769270-3add-4296-82c9-d9e32a5f3d37,b843c483-ce2e-46fd-94a1-22b21f727be4,"FIRST ROBOTIC INDUSTRIAL SCIENCE, FRIS College",Part Time Lecturer,2009,2011,,49:36.3
d78d4935-14f4-4e1f-b021-bfd18f7c655a,b843c483-ce2e-46fd-94a1-22b21f727be4,"KIMEC, Kulim",Part Time Lecturer,2011,2012,,49:36.3
ddd89799-a6e3-422f-a14f-9f1cb14a06d7,b843c483-ce2e-46fd-94a1-22b21f727be4,MAHSURI TECHNOLOGIES CONSULTANT & SOCIOLYTICS,Trainer,2019,Present,,49:36.3
c16f3484-6482-445e-9c54-d476b8aa66c8,b843c483-ce2e-46fd-94a1-22b21f727be4,ANGKATAN PERTAHANAN AWAM MALAYSIA,Trainer,2017,Present,,49:36.3
c9bb3fb7-3ed6-4798-bd7e-dd165955c2fa,b1a6ba2d-7aed-4a65-9fee-13c1158a1ceb,"Ministry of Health Malaysia, Hospital Sultanah Aminah Johor Bahru", Medical Assistant/Medic & Unit Head (Accident & Emergency) ,1972,2001,,49:36.3
b9e417b9-93db-449a-ab15-062c7c6cf3c1,b1a6ba2d-7aed-4a65-9fee-13c1158a1ceb,"Ministry of Health Malaysia, Pathology Department",Infection Control / Training Medic,2001,2003,,49:36.3
402d663e-39b9-4768-82e4-a36885a0fd57,b1a6ba2d-7aed-4a65-9fee-13c1158a1ceb,"Ministry of Health Malaysia, Operation Theatre Johor Bahru ",Orthopaedic Theatre Manager,2003,2007,,49:36.3
bad22a68-36c0-4ddd-9ff3-0596d8a94d89,b1a6ba2d-7aed-4a65-9fee-13c1158a1ceb,Murphy Oil Corporation Labuan,Emergency Medic,2008,2014,,49:36.3
af6559a5-961c-4574-8527-84536e39cc92,0,Malaysian Red Crescent Society Headquarters,Ambulance Department,2019,Present,,49:36.3
30536b28-e957-46f0-9aad-f116628b9ddb,0,First Ambulance Service Headquarters,Clinical Practical Attachment,,2019,,49:36.3
966efa99-556a-46d3-bb50-b31356ca9a77,0,"St. John Ambulance Malaysia, Kawasan Pantai Selango",Clinical Practical Attachment,,2019,,49:36.3
a6e1756e-5023-4c24-a57b-d56e94805ff9,a51c7c88-2979-42d0-9b7f-703cdc0dc3f4,PROTON,"Team Lead, Industrial Engineering",2008,2012,,49:36.3
0e1d05fd-1ed7-4cab-a0d5-c55f90b11d3a,a51c7c88-2979-42d0-9b7f-703cdc0dc3f4,Carlsberg,CI & Lean Project Manager,2012,2013,,49:36.3
5db7874f-3624-4981-8ebe-c8cc306d99d7,a51c7c88-2979-42d0-9b7f-703cdc0dc3f4,Nestle,Nestle Continuous Excellence Lead,2013,2015,,49:36.3
5ea3960c-e109-4753-80be-1fa4cf1ec895,a51c7c88-2979-42d0-9b7f-703cdc0dc3f4,Lazada Group,"Regional Head of 
 Operational Excellence",2015,2019,,49:36.3
1c5fdd78-1bdf-45b5-bb5c-71b9fcb7cd2f,a51c7c88-2979-42d0-9b7f-703cdc0dc3f4,"Deloitte Consulting, SEA","Senior Manager, 
 Operations 
 Transformation",2022,2023,,49:36.3
69b0e848-4133-4f3b-a276-20f836bd3d1a,51fd032d-e797-4ac3-a72d-d71def5c7aad,LQS Sdn bhd,Certified HRD Corp Trainer/ Consultant,2023,present,,49:36.3
ff1d94fa-4b4d-4f8f-bae3-44f0b459ceca,51fd032d-e797-4ac3-a72d-d71def5c7aad,Tupperware Brands Malaysia,Training & Development manager,2017,2017,,49:36.3
a633302c-f2e5-44af-bc4b-f281818a482c,51fd032d-e797-4ac3-a72d-d71def5c7aad,PADU Corporation,"Manager, Communication & Stakeholders Engagement",2016,2016,,49:36.3
4bd044c1-1597-45cf-b439-dd55776cfafc,51fd032d-e797-4ac3-a72d-d71def5c7aad,CIMB Bank,Retail Segment Manager,2012,2015,,49:36.3
d35f63cd-ab52-474c-b728-2d1982c5bd1f,51fd032d-e797-4ac3-a72d-d71def5c7aad,Public Mutual Berhad,"Senior Executive, Agency Development & Training",2007,2012,,49:36.3
f4a68b1c-9725-465d-ae31-bef56a00642d,51fd032d-e797-4ac3-a72d-d71def5c7aad,ss-Salihin Trustee Berhad,Marketing Executive,2005,2007,,49:36.3
49c5c893-4e45-4289-be05-f34857121ab7,51fd032d-e797-4ac3-a72d-d71def5c7aad, Medan Prestasi Sdn Bhd,Sales Executive,2004,2005,,49:36.3
25c9459a-cd6b-40aa-a002-a4be67dc1330,51fd032d-e797-4ac3-a72d-d71def5c7aad,University Tun Abdul Razak,Administration Executive,2000,2003,,49:36.3
4691ae87-2ba3-478b-885c-6c525a327291,271fac85-c48d-4d81-acfa-1f345bde120f,Sime Tyre International (M) Sdn Bhd,Technical Supervisor,1996,1997,,49:36.3
1a74095f-5dfa-43cf-9ebc-afe452484cf0,271fac85-c48d-4d81-acfa-1f345bde120f,Sime Tyres International (M) Sdn Bhd,Technical Material Executive,1997,2002,,49:36.3
897e96db-5a34-41d6-84db-37602b1936bb,271fac85-c48d-4d81-acfa-1f345bde120f,Continental Tyre Alor Setar (M) Sdn Bhd,Head of Quality Management,2003,2007,,49:36.3
70e490af-0c46-49c9-a6b6-b451e7d8a29d,271fac85-c48d-4d81-acfa-1f345bde120f,Continental Tyre Alor Setar (M) Sdn Bhd,Head of Product Industriliazation,2008,2019,,49:36.3
5a2fb1b1-2aa6-4a49-9e91-78de35d3d677,271fac85-c48d-4d81-acfa-1f345bde120f,Continental Tyre Alor Setar (M) Sdn Bhd,HR Training Manager,2020,2022,,49:36.3
ee9b61e8-f12c-4176-a264-2f170eb78eb4,271fac85-c48d-4d81-acfa-1f345bde120f,Continental Tyre Alor Setar (M) Sdn Bhd,Manager Production – Non Conformity Specialist,2023,2023,,49:36.3
2c7dd93b-dc2f-4597-98c4-9dc706d0135b,271fac85-c48d-4d81-acfa-1f345bde120f,BB Consultancy Resources,"Director, Consultant and Trainer",2024,Current,,49:36.3
f04ee5e1-5d49-4e97-8974-e97c17ae80be,74712704-fa81-464a-8197-bd5901027efe,PETRONAS,"Portfolio Head, Corporate, Group Internal Audit",2021,2023,,49:36.3
dbf9e81b-e99b-436d-985d-ba85bb39a25d,74712704-fa81-464a-8197-bd5901027efe,PETRONAS,"Head Corporate Finance & Domestic and International Joint Venture Management, Downstream Business",2016,2021,,49:36.3
f988269b-86c1-4ae9-9ee1-c144b97e3081,74712704-fa81-464a-8197-bd5901027efe,PETRONAS,"Head Finance, Project PENGERANG Johor & Tender Committee member for Level 3.",2011,2015,,49:36.3
b7ef2dc5-7185-4c3d-9c27-fdfac6c8ecd3,74712704-fa81-464a-8197-bd5901027efe,PETRONAS,"Head Corporate Finance, Gas, Properties and Hotels, Education and Logistics",2006,2011,,49:36.3
22fc6fda-de58-41ca-8b71-3ae7eb121483,74712704-fa81-464a-8197-bd5901027efe,PETRONAS,Head Corporate Governance & Financial Services,2008,2010,,49:36.3
6d08b3a1-bb79-4802-abf5-f0fbcccacaaf,74712704-fa81-464a-8197-bd5901027efe,PETRONAS,Manager of Investor Relations & Strategic Economic and Political Research,2001,2006,,49:36.3
853aad03-5c52-41aa-924c-adc31394d090,74712704-fa81-464a-8197-bd5901027efe,PETRONAS,Senior Executive Group Accounts & Financial Reporting,1998,2001,,49:36.3
e7185486-5b40-4fe1-94d9-cefb1881e43e,74712704-fa81-464a-8197-bd5901027efe,PETRONAS,Arthur Anderson & Co,1995,1998,,49:36.3
da455517-0ab8-42c8-bca9-8ae23f2d0a41,046e58cc-4b3e-4f62-baa8-bd1a1215ee7f,M/S Nor'Ain Mariati &,Partner,2021,Current,,49:36.3
e549b037-a108-4c85-980c-2dd61399909d,046e58cc-4b3e-4f62-baa8-bd1a1215ee7f,M/S Abdul Aziz Rahim &,ior Legal Assis,2016,2020,,49:36.3
c96d5c41-dcdb-46c9-bbd5-3a41f738b043,046e58cc-4b3e-4f62-baa8-bd1a1215ee7f,Sustainable Energy,Legal Advisor,2011,2015,,49:36.3
06726550-15f4-463f-a9f7-5c67cdf21ca4,046e58cc-4b3e-4f62-baa8-bd1a1215ee7f,"M/S Bahari, Choy &",Partner,1997,2010,,49:36.3
b8e6f47f-35d0-42c1-98f8-ac9340e062b9,046e58cc-4b3e-4f62-baa8-bd1a1215ee7f,M/S Balendran Chong,Legal Assistan,1992,1996,,49:36.3
8a8c44a9-3418-4be0-aa0a-0e480c9333d5,0,RMG Consulting Services,Principal Consultant,2018,Present,,49:36.3
55146d46-c793-464a-84be-1a43f55c2c2c,0,CTCI-CMCE JV Sdn Bhd,Quality Manager,2017,2018,,49:36.3
59af73d6-94ae-4c30-97da-d4a1142b2530,0,Colas Rail Asia Sdn Bhd,Quality Manager,2015,2017,,49:36.3
45a19e72-a737-450f-94ab-042dfcbc624b,0,"Kentz Engineers & Constructors, Doha, Qatar.",Project Quality Lead.,2015,2015,,49:36.3
dec70781-862e-447e-bc31-69f876f7b42c,0,"Foster Wheeler Kentz, DMCC, Dubai, UAE.",Project Quality Lead.,2014,2015,,49:36.3
11f85d02-ca36-475d-85d9-afe6c2b8904f,0,Foster Wheeler (Malaysia) Sdn Bhd.,QHSE Manager,2010,2013,,49:36.3
c19301d3-eac0-42f8-bcc0-9e36860b3899,0,Thermo Fisher Scientific (M) Sdn Bhd.,QA Manager,2005,2010,,49:36.3
fba1957a-a1eb-433c-8074-5be47f109fa0,13205b5f-1733-480b-b870-4ed9c0f14ce8,Astro,Moderator,2004,2004,,49:36.3
1c21ce3d-c28c-4b12-a64d-62b74f36fdc2,13205b5f-1733-480b-b870-4ed9c0f14ce8,Astro,Presentation Director,2005,2005,,49:36.3
c81b4cf3-70e3-44aa-a122-27e691b1ebe2,13205b5f-1733-480b-b870-4ed9c0f14ce8,Unit Trust,Agency Manager,2009,2009,,49:36.3
5f8f6cdb-482e-4e15-af7e-6c5931771624,13205b5f-1733-480b-b870-4ed9c0f14ce8,Freelance,TRAINER,2007,Present,,49:36.3
2457789f-54b1-4292-aedf-5d097a2d0de1,2473f498-dbbc-4103-adf7-0a4441337cc7,Safety Solutions PLT,Consultant/Trainer,2022,present,,49:36.3
5b002873-a563-411b-b476-c2ac9cd4c2af,2473f498-dbbc-4103-adf7-0a4441337cc7,ECON Medicare Centre,Country Human Resource Manager ,2016,2022,,49:36.3
4b9e4843-3f61-457a-9950-e77ef700ebca,2473f498-dbbc-4103-adf7-0a4441337cc7,Iskandar Regional Development Authority,"Vice President, Human Capital Blueprint",2010,2015,,49:36.3
d5a74b32-7ae0-4756-8891-40240f6e6f96,2473f498-dbbc-4103-adf7-0a4441337cc7,UEM Land Sdn Bhd,Senior Human Resource Manager,1994,2010,,49:36.3
286ae37b-00f3-4d1f-9f48-257f624ad4d6,2473f498-dbbc-4103-adf7-0a4441337cc7,TWP Sdn Bhd,Senior Executive,1989,1994,,49:36.3
41948c89-a3a9-4bdd-99b4-d320125f5df6,2473f498-dbbc-4103-adf7-0a4441337cc7,Open University Malaysia,Part Time Tutor,2014,Present,,49:36.3
3ec44b96-6d36-4719-a81d-c8e20ae6e83b,0,Focus Learning Consulting Sdn Bhd,Consultant and Trainer,2009,,,49:36.3
8978981b-5177-47e9-bd01-cf7cda6b6612,1e208703-336e-4363-8d5d-4508a8b08d1b,EEW Malaysia Sdn Bhd,HSE Manager,2015,2019,,49:36.3
65510576-efcc-4a32-833d-26629f383148,1e208703-336e-4363-8d5d-4508a8b08d1b,China State Construction & Engineering Sdn Bhd,HSE Manager (SHO),2013,2015,,49:36.3
f308c6e6-8dfc-4ef9-a140-b9b56f95f163,1e208703-336e-4363-8d5d-4508a8b08d1b,KNM Process System Sdn Bhd,HSE Officer,2011,2013,,49:36.3
900b9f3e-baa2-4639-8846-37e5d864094a,1e208703-336e-4363-8d5d-4508a8b08d1b,Cameron System Sdn Bhd,HSE Specialist,2008,2011,,49:36.3
fde88a7a-cd57-45ea-ad28-4c3a1ffcbc00,c092eafd-89fd-48a1-b0b4-740a59206885,MAS Awana Services Sdn Bhd,Head of Human Capital,2021,2024,,49:36.3
4b1a2016-4798-425d-8fc6-bb72266e6660,c092eafd-89fd-48a1-b0b4-740a59206885,Damansara Holdings Berhad,HR & Admin Manager,2019,2021,,49:36.3
f97e81cc-1ba2-4a5c-9c7f-ec836046ae32,c092eafd-89fd-48a1-b0b4-740a59206885,Principles Perspective Engineering,HR & Admin Manager,2017,2019,,49:36.3
1ad9bfc4-9b71-4fed-b59d-b83092ef9873,c092eafd-89fd-48a1-b0b4-740a59206885,Teguh Harmoni Sdn Bhd,Senior HR Executive,2014,2017,,49:36.3
17476b79-693f-4ae9-b123-17668cd6821b,d9545bd3-425a-476f-9488-7ff2e34e8e5a,Training and Consultancy Company,Founder,2017,Present,,49:36.3
6d9a62ab-b525-4db4-b755-1d3d659acd17,d9545bd3-425a-476f-9488-7ff2e34e8e5a,"Oil and Gas Contractor, Miri, Sarawak",QHSE Lead,2012,2015,,49:36.3
b1911fc4-1513-4780-aa4f-59b662fdff23,d9545bd3-425a-476f-9488-7ff2e34e8e5a,"Construction Company, Rapid Pengerang",QA Manager,2015,2017,,49:36.3
bd3e0509-175b-42a2-8f3e-ba011266d5a7,b06f9fec-130d-4aa6-bfee-5114331e40b3,NSBlueScopeSteel,OperationExecutive,1995,2009,,49:36.3
a90c00b7-b2aa-4ad4-8367-f7f2606c358e,b06f9fec-130d-4aa6-bfee-5114331e40b3,SteadtlerMarketing,Warehouse Manager,2009,2011,,49:36.3
7b4c86c9-bcb4-4581-828f-41dd5b861be4,b06f9fec-130d-4aa6-bfee-5114331e40b3,TOLLGlobalLogistics,OperationandSafetyManager,2011,2015,,49:36.3
37f481cd-043f-40e4-9fdc-86a64d0c72e5,b06f9fec-130d-4aa6-bfee-5114331e40b3,ACILogistics,BusinessDevelopmentManager,2015,2019,,49:36.3
0805776a-428d-4e54-b339-f5c3c7b5c822,322b0665-e60e-4445-8391-8d453783e319,Matad USA Inc,Engineer,1989,1990,,49:36.3
8390de9c-0e83-4d1b-8999-ed40ddebb687,322b0665-e60e-4445-8391-8d453783e319,Hitachi Malaysia,Engineer,1991,1995,,49:36.3
ab54fdf8-2da6-429d-9f46-a6386c54b36a,322b0665-e60e-4445-8391-8d453783e319,KLIAB -  KLIA1 construct,Manager,1996,2003,,49:36.3
052a19c0-98d4-489a-81ff-4bc016a231f3,322b0665-e60e-4445-8391-8d453783e319,TLO Sapurcrest Pettoleum - Exxonmobil Offshore Equipment Installation,Prj Engineer,2005,2007,,49:36.3
9000fb8c-32a9-4a9f-95d9-f4944b5e0cf4,322b0665-e60e-4445-8391-8d453783e319,GE General Electric for Petronas LNG Plant Power Contract,Manager,2008,2009,,49:36.3
45b90e42-dcf3-46aa-86c8-1aee091972f3,322b0665-e60e-4445-8391-8d453783e319,Serba Dinamik SB for Project Technical & Commercial Mgt,Manager,2010,2014,,49:36.3
353b9e3b-cf5c-4880-869a-4311a64d736f,1705843c-f467-4872-bbe5-15df90c84968,International Islamic University Malaysia,Professor,1993,2004,,49:36.3
ad64c26b-368a-4db7-9648-d2121d3769a1,24f9a2fa-9521-48df-bd04-8a4e492029ef,Enovade Sdn Bhd, Principle Trainer - Project Basis,2015,2016,,49:36.3
75c38844-c7ef-402b-a09d-a352d978ed05,24f9a2fa-9521-48df-bd04-8a4e492029ef,MMU Cnergy Sdn Bhd,Senior IT Trainer,2014,2015,,49:36.3
e514493f-937b-4f50-80c1-e0fcd0bb85dc,24f9a2fa-9521-48df-bd04-8a4e492029ef, Sepakat Computer Sdn Bhd, Project Manager - Project Basic,2007,2008,,49:36.3
983ddea3-b359-4648-8635-1d3da37de0f0,24f9a2fa-9521-48df-bd04-8a4e492029ef,APT Academy Sdn Bhd,Project Training - IT Trainer,2006,2007,,49:36.3
a1893038-55ce-4306-bd45-33c9ce99c931,24f9a2fa-9521-48df-bd04-8a4e492029ef,Caidmark Sdn Bhd,T Executive,2004,2006,,49:36.3
c0a516d0-ee5c-4072-98a5-389305392c91,c392c5f7-8a7e-4393-be48-5538e0d822e0,SCANIA SOUTHEAST ASIA,SALES DIRECTOR,2014,2016,,49:36.3
2cd4f2e8-e2e0-43ed-861b-74973f7b7ea2,c392c5f7-8a7e-4393-be48-5538e0d822e0,CARGOTEC MALAYSIA,Head of Crane Upgrade APAC,2016,2017,,49:36.3
c77cbd25-44cb-4d00-b7b6-f719524606ea,c392c5f7-8a7e-4393-be48-5538e0d822e0,BAIDURI DIMENSI SDN. BHD,Corporate Planning Director,2018,2020,,49:36.3
dbf8c330-1eae-4d5d-b67f-cc8ad053b5a3,c392c5f7-8a7e-4393-be48-5538e0d822e0,Volvo Truck Malaysia,"Vice President, Retail Service Operation",2021,2022,,49:36.3
6d4b1f36-1b98-41ff-8dc3-53143e2042f0,c392c5f7-8a7e-4393-be48-5538e0d822e0,Lumeminds,Managing Director & Founder,2023,2024,,49:36.3
6d614d03-b154-45bb-9b74-cb7c7385a6ac,fa16f9b0-fe86-4ab5-b0c4-2ae5d010d122,Absolute Excellence Training Centre,Training Director & Entrepreneur,,present,,49:36.3
90800f23-1993-4022-8f07-a9a83bb40381,fa16f9b0-fe86-4ab5-b0c4-2ae5d010d122,Absolute Excellence Learning Centre,Corporate Trainer & HR Consultant,2013,present,,49:36.3
bc478917-dac0-4e70-9c62-590a8aa58d34,fa16f9b0-fe86-4ab5-b0c4-2ae5d010d122,Matahari Group of Companies,"Group HR & Admin, T&D, Health & Safety Manager",2012,2013,,49:36.3
af77e312-f8b2-4c24-b074-b06de3251fb7,fa16f9b0-fe86-4ab5-b0c4-2ae5d010d122,ICOM International College of Music,QMR cum HR & Training Manager,2009,2012,,49:36.3
d922b499-1a3e-4c38-be9a-ada7b8d650a0,fa16f9b0-fe86-4ab5-b0c4-2ae5d010d122,Kuala Lumpur Metropolitan University College,Senior Lecturer cum Head of Operations,2005,2009,,49:36.3
56ef2847-ed40-48e0-b319-1b43c5bc4530,fa16f9b0-fe86-4ab5-b0c4-2ae5d010d122,Club Med Cherating,HR & Administrative Manager,2000,2005,,49:36.3
d45ad57e-6e64-4b88-9c51-a677ee5b5b31,fa16f9b0-fe86-4ab5-b0c4-2ae5d010d122,The Store Cooperation,HR Senior Executive,1998,2000,,49:36.3
05911c74-da53-45fd-9090-f3726b6e4477,fa16f9b0-fe86-4ab5-b0c4-2ae5d010d122,Olympia College,HR Senior Executive,1994,1998,,49:36.3
ecf25eaf-443f-4df3-a9ff-d92f7152a8a3,0878fc67-90a8-461f-b09f-b2dc0cd57e15,ASTRO MALAYSIA,"SENIOR PRODUCER, EXECUTIVE PRODUCER",2007,2016,,49:36.3
09f9b848-7d03-4e7c-9aba-cafb4172806a,0878fc67-90a8-461f-b09f-b2dc0cd57e15,ASTRO MALAYSIA,SENIOR ASSISTANT VICE PRESIDENT,2017,2022,,49:36.3
683ca620-ebc1-4267-a403-d0d6e6d4369d,0878fc67-90a8-461f-b09f-b2dc0cd57e15,BIOTROPICS SDN BHD,SCIENCE & TECHNICAL MANAGER,2007,2008,,49:36.3
7631ac37-06e4-4ae6-9b5f-3308d0b1b189,47425c5d-f6a8-42ab-80f4-04eac434b296,High Court of Malaysia,Auctioneer,2011,2015,,49:36.3
d946e970-3e26-438a-bb0a-b50684e556c2,47425c5d-f6a8-42ab-80f4-04eac434b296,UCSI University,Adjunct Professor,2022,2022,,49:36.3
88df2da2-5a54-4dd2-954c-fc7d5a0ab216,47425c5d-f6a8-42ab-80f4-04eac434b296,Tunku Abdul Rahman University of Management and Technology,Senior Lecturer,2022,2022,,49:36.3
d79a47d4-8379-4043-8952-c253668f9db0,47425c5d-f6a8-42ab-80f4-04eac434b296,Tunku Abdul Rahman University of Management and Technology,Assistant Professor ,2022,2025,,49:36.3
cec50205-3894-404b-9dbc-d5fd4a8aa520,33641527-ec96-48e0-ab9c-d11d765c964c,Nextech Digital,Chief Corporate Officer,2022,2024,,49:36.3
30981b9a-76f9-4394-b2eb-68424108c208,33641527-ec96-48e0-ab9c-d11d765c964c,Ministry of Science (,Head of Strategic Communication,2017,2021,,49:36.3
bb7feed1-f177-4c3a-a2e9-609fe14ba008,33641527-ec96-48e0-ab9c-d11d765c964c,Berjaya Corporation Berhad,"Manager, Executive Director Office",2013,2017,,49:36.3
aa1b81a2-40d1-439a-bd1d-3902a9b9e06a,33641527-ec96-48e0-ab9c-d11d765c964c,Prudential BSN Takaful Berhad,Sales Advisor,2010,2013,,49:36.3
72516d57-a5dd-4bc2-87f1-5feea8a1ed0f,33641527-ec96-48e0-ab9c-d11d765c964c,Pusat Pungutan Zakat,"Executive, Corporate Communication",2006,2009,,49:36.3
149d5f24-1656-457f-8397-96682875e557,33641527-ec96-48e0-ab9c-d11d765c964c,Telekom Malaysia Berhad,Customer Care Representative,2005,2006,,49:36.3
ef71d0da-4f71-4191-aeb0-579e094865fe,33641527-ec96-48e0-ab9c-d11d765c964c,In-house training & conferences,Trainer & Speaker,2017,present,,49:36.3
1efc0105-b487-4e30-8742-b673d12103bc,d32312ee-993b-4145-bf0e-3358dfb85128,Construction Industries,Project Management capacity in,2016,2019,,49:36.3
b5812f47-f0a7-481d-a6c0-cd8ff9433099,d32312ee-993b-4145-bf0e-3358dfb85128,Human Resources & Admin in generalist capacity,"Payroll, training & development, Event management, recruitment, disciplinary process, DI, PIP, C&B, Expatriate & Foreign worker, Environment, Safety & Health",2019,2024,,49:36.3
9245e484-066c-4cf6-bba2-dc2eab035b7f,5ed8e63d-4722-49ff-9a9f-2befc1194849,NF Techcorp Solutions,Founder,2020,2025,,49:36.3
cafff664-c179-4dc7-a7dd-a93e3925b97c,ee44a205-425c-4252-bd37-23487f74c496,DOW,Chemical Manufacturing,1998,1998,,49:36.3
36d443e4-ed5c-43e7-88a5-af70fd6cebbc,ee44a205-425c-4252-bd37-23487f74c496,PETRONAS,"Corporate Portfolio, Strategic Planning and Risk Management",1999,2012,,49:36.3
5f52ea1b-a7cb-42aa-9381-8593aed69307,ee44a205-425c-4252-bd37-23487f74c496,Aramco,"Corporate Portfolio, Strategic Planning, Sustainability and Risk Management",2012,2018,,49:36.3
58834cfd-890a-4ca2-8d73-65f6b1a63107,ee44a205-425c-4252-bd37-23487f74c496,Mubadala,Vice President Strategic Planning,Apr-18,Oct-18,,49:36.3
2f49827d-d30b-4814-be26-b2c5413e9013,ee44a205-425c-4252-bd37-23487f74c496,Sapura Secured Technologies,Chief Transformation Officer,2019,2020,,49:36.3
5c214f01-275a-4980-8084-039350b22895,ee44a205-425c-4252-bd37-23487f74c496,NEPS Capital Group,Chief Strategy and Sustainability Officer,2021,Oct-22,,49:36.3
d7df8809-71fd-4ffb-96a3-4be90e231792,ee44a205-425c-4252-bd37-23487f74c496,State Economic Development Corporation,Chief Strategy and Sustainability Officer & Head of Risks,Apr-22,Oct-24,,49:36.3
62054f6a-ebd5-4744-9bd5-3b02feb8cf8f,ee44a205-425c-4252-bd37-23487f74c496,NY Consulting and Advisory,Managing Director,2024,2025,,49:36.3
1329b54c-00e0-4a2a-9474-28c500bb6b48,0,Leader Universal,Purchasing Executive,1991,1996,,49:36.3
5c87b445-b054-42df-b2c5-9f97e528f045,0,Iwaki Glass,Supply Chain Manager,1996,2000,,49:36.3
1ee55f51-b720-4939-9c41-96f471c81d10,0,Titan Group,Corporate Procurement Manager,2000,2004,,49:36.3
7a19d321-ecbc-4f28-8969-d351b914982c,4d8b4de4-f395-424c-bb8d-4415337d44f8,PEOPLElogyDevelopmentSdnBhd,CorporateTrainer,2023,Current,,49:36.3
5fc7187d-d39c-4f55-ba3e-9a15505386d6,4d8b4de4-f395-424c-bb8d-4415337d44f8,Freelance,Trainer,2021,2023,,49:36.3
2b02b5b0-efb4-42d1-bf81-d8939abfd7a4,4d8b4de4-f395-424c-bb8d-4415337d44f8,Maybank,CustomerRelationshipExecutive,2022,2022,,49:36.3
4eccb23d-394b-493f-9244-65b894c653f2,4d8b4de4-f395-424c-bb8d-4415337d44f8,CuckooElectronicsMalaysia,SalesManager,2020,2022,,49:36.3
37390b92-ba88-4714-aa19-801cceeab4a8,4d8b4de4-f395-424c-bb8d-4415337d44f8,AirAsia,SeniorFlightAttendant,2008,2020,,49:36.3
fa4e5412-3712-49af-8b46-de2a7d23f169,4d8b4de4-f395-424c-bb8d-4415337d44f8,MandarinOrientalHotelGroup,ReservationsSalesAgent,2006,2008,,49:36.3
17ff3328-91d5-4d81-b373-9ae6d00817fc,4d8b4de4-f395-424c-bb8d-4415337d44f8,LegendHotel,FrontOfficeExecutive,2005,2006,,49:36.3
5bc2d2d4-e452-4e1d-abc4-4ffecdf39ee5,51f16cfe-5ca9-41fc-9f41-1bb8ecaf1ca3,,Training Assistant - Senior Trainer,2015,2018,,49:36.3
585e25c7-5a97-434f-9438-acb686ebaec8,51f16cfe-5ca9-41fc-9f41-1bb8ecaf1ca3,,Learning & Development Strategist,2018,2023,,49:36.3
56ee146c-db94-4685-bce7-8b96b5c69735,0,Leong Hup Agrobusiness Sdn Bhd,Senior Halal Executive cum Trainer,2020,2023,,49:36.3
7b880623-a39c-4c08-9c18-270f064a6245,0,Attached to Training Centre,Freelance Trainer,2018,2020,,49:36.3
a9088053-dc9b-4804-a1ed-7601bb8b6955,0,Lay Hong Berhad,Document Control (System) Executive,2013,2018,,49:36.3
618fac3c-bd5d-4446-bef1-a7c3cb0833e0,320d18ee-1edd-4279-882f-c8bc153dad63,DNZ GROUP SDN BHD,MARKETING EXECUTIVE,2021,2025,,49:36.3
aa37aa88-202e-4470-92ae-16e57d1eacb5,320d18ee-1edd-4279-882f-c8bc153dad63,FREELANCE,SPORTS AND FITNESS COACH,2006,2021,,49:36.3
ed8e3253-0f78-44c3-ac69-e788081c99be,320d18ee-1edd-4279-882f-c8bc153dad63,GOLD'S GYM MALAYSIA,PERSONAL TRAINER,2005,2005,,49:36.3
dc43cc47-c5ff-4467-a0bf-f4646a546358,320d18ee-1edd-4279-882f-c8bc153dad63,L'OREAL MALAYSIA SDN BHD,CUSTOMER SERVICE ASSISTANT,2004,2004,,49:36.3
80f272b7-07bc-4a60-8f9c-8a644498a48a,320d18ee-1edd-4279-882f-c8bc153dad63,GOLDEN DIGITAL EDGE SDN BHD,TECHNICAL ASSISTANT,2003,2003,,49:36.3
b1907e9b-7c3d-438f-992c-2075a38f7737,fa06e9ab-c24e-41c8-87fc-cc86d0d4954e,Freelance,HSE Trainer & Consultant,2017,Present,,49:36.3
1799b70a-fe96-440e-904d-5dbb856c708d,fa06e9ab-c24e-41c8-87fc-cc86d0d4954e,System Protection & Maintenance Sdn. Bhd,HSE Manager,2016,2017,,49:36.3
bff01648-7d6a-460f-b0a4-f4f692daf833,fa06e9ab-c24e-41c8-87fc-cc86d0d4954e,Punj Lloyd Sdn. Bhd.,Site HSE Manager,2015,2016,,49:36.3
084dc088-58de-44d3-aade-19935d62b011,fa06e9ab-c24e-41c8-87fc-cc86d0d4954e,"STX Heavy Industries Co. Ltd., Korea",HSE Manager,2014,2015,,49:36.3
7bd08c53-5bf3-4052-9c82-e4599658d517,fa06e9ab-c24e-41c8-87fc-cc86d0d4954e,MEIDENSHA-Meiden Malaysia Sdn. Bhd.,HSE Manager,2014,2014,,49:36.3
57617283-bcca-4f71-804e-87291cbf79d9,fa06e9ab-c24e-41c8-87fc-cc86d0d4954e,Selinsing Gold Mine Managers Sdn. Bhd.,HSE Manager,2010,2014,,49:36.3
e492794c-825e-4b6c-8708-1c2bc0cbf74f,fa06e9ab-c24e-41c8-87fc-cc86d0d4954e,Lafarge Cement Malaysia Bhd.,HSE Advisor,2008,2010,,49:36.3
dadb802b-3e53-46a6-b59b-b0f91cba3fc6,fa06e9ab-c24e-41c8-87fc-cc86d0d4954e,Citibank Malaysia Berhad,Safety & Security Manager,2005,2007,,49:36.3
121a6c06-a6c7-452d-b7ed-de32499106a0,fa06e9ab-c24e-41c8-87fc-cc86d0d4954e,SAAG Consolidated Berhad,HSE Manager,2002,2005,,49:36.3
ff3786e0-9ae4-4fe5-abb9-82bad4448a4b,fa06e9ab-c24e-41c8-87fc-cc86d0d4954e,Goodyear Malaysia Berhad,Safety & Health Officer,2002,2005,,49:36.3
385eda18-171e-43da-a700-53994fdb111c,fa06e9ab-c24e-41c8-87fc-cc86d0d4954e,Perwaja Steel (Terengganu) Sdn. Bhd.,Asst. Chief Fireman/ EHS Assistant,1990,1992,,49:36.3
8708738a-cd87-42ea-a46a-756112982b14,a4ab223a-e9ee-473b-9d50-36d2f6383df6,SATC INTERNATIONAL,OCCUPATIONAL SAFETY AND HEALTH TECHNICALS TRAINERS,2021,Present,,49:36.3
30e95555-6e9c-4c69-81fd-609c6d570443,a4ab223a-e9ee-473b-9d50-36d2f6383df6,KANEKA MALAYSIA SDN. BHD,SAFETY & HEALTH EXECUTIVE,2017,2021,,49:36.3
38dedc6d-c3e4-49cf-af4a-9a76d548cfe8,a4ab223a-e9ee-473b-9d50-36d2f6383df6,MUHIBBAH ENGINEERING (M) BHD,SAFETY & HEALTH OFFICER,2015,2017,,49:36.3
ca1e330b-e924-4b9c-8526-e387fddf5909,a4ab223a-e9ee-473b-9d50-36d2f6383df6,PERDANA MARINE OFFSHORE LTD. PTD,SAFETY & HEALTH OFFICER,2014,2015,,49:36.3
7f5dd397-e1bc-466f-a7a8-8d0dc0b12b53,6e7fb7b7-7ae0-4ee5-85f8-7a152e19097c,OGP TECHNICAL SERVICES SDN BHD,BUDGET CONTROLLER,2002,2003,,49:36.3
5645fda8-9354-4e38-97e7-5bf1ff0011db,6e7fb7b7-7ae0-4ee5-85f8-7a152e19097c,3P SYSTEMS SDN BHD,"EXECUTIVE, QUALITY ASSURANCE",2004,2005,,49:36.3
71a6b93e-29be-401d-a179-5dfaf13dda1e,6e7fb7b7-7ae0-4ee5-85f8-7a152e19097c,PANTAI HOSPITAL KUALA LUMPUR,"OFFICER, QUALITY ASSURANCE",2005,2012,,49:36.3
4a81ac14-84b8-4160-82d2-62987486d525,6e7fb7b7-7ae0-4ee5-85f8-7a152e19097c,FINANCE ACCREDIATION AGENCY,MANAGER,2015,2023,,49:36.3
623892c2-7dfe-4d32-9b4f-e2e64108f7d9,6e7fb7b7-7ae0-4ee5-85f8-7a152e19097c,AJM INTERNATIONAL ACADEMY,SENIOR CONSULTANT,2023,2024,,49:36.3
1ab40468-4e92-4973-a6fa-3959a1ee66c0,,Petronas Instep Head/Trainer for Proj Management & Technical/Commercial,Manager,,,,49:36.3
48915c33-1f31-443a-a35f-29bc433919c3,,GB Global Academy Sdn Bhd,Head of Human Resources,,,,49:36.3
9b302bdb-ba49-4fd0-adf7-b8b45cc1bfae,102db345-b220-4e3e-ac32-b1d024007260,Mufasyah Consultant,Head of Training Department,2018,2020,,49:36.3
fdffc36a-3423-4759-b184-beca390bd874,102db345-b220-4e3e-ac32-b1d024007260,Deputy Minister Of Economy Office,Special Relation Officer,2020,2022,,49:36.3
54acf9ff-fdd0-48ee-8754-fb54f5415620,bf2ad09d-5c79-4c14-b504-1d06262accc9,Penang Mutiara Resort ,Training Exective ,1988,1990,,49:36.3
ff8e460b-d7b0-410b-8633-4a37dce3f1ca,bf2ad09d-5c79-4c14-b504-1d06262accc9,Penang Muiara Resort ,Human Resouces Assitant Manager  ,1990,1994,,49:36.3
40a3ff25-fddb-49cd-9546-f8cee7ed7e45,bf2ad09d-5c79-4c14-b504-1d06262accc9,Renassiance Kuala Lumpur ,Training Manager ,1994,1999,,49:36.3
1f9ef92f-aca5-4ae8-8b8e-4c3357512dfa,bf2ad09d-5c79-4c14-b504-1d06262accc9,Stamford College Kuala Lumpur ,Lecturer,2000,2005,,49:36.3
eaa2533d-f7d5-4dae-be15-881c94b8c181,0,Kellogg Asia Marketing Inc.,Export Manager (Pacific Islands and Asia Developing Markets),2017,2022,,49:36.3
45d22e51-1b70-4c68-8db9-f01edb42dbb8,0, Spices & Seasonings Specialities Sdn Bhd,International Trade Manager,2005,2017,,49:36.3
83611e89-b489-431a-bc10-a806735dce2b,,,,,,,49:36.3
8cd9a9d5-14f2-4ea7-ae27-d596b733f2cb,,,,,,,49:36.3
76f081a9-4824-477e-b884-9de4369cc70a,,,,,,,49:36.3
cd2f48ec-0d54-4b10-85f1-8936f54c9602,,,,,,,49:36.3
e266748c-8cc9-4f3e-ab58-e05e572dfffe,,,,,,,49:36.3
13f4e667-76a1-4e86-bbce-f7a46ccd08d6,,,,,,,49:36.3
4351d065-dcf6-4df4-a029-45ffac04037d,,,,,,,49:36.3
da64188f-29c7-4a65-a3ab-745a36db6edb,,,,,,,49:36.3
128b0def-3f91-4130-8bfa-51e855eba49e,,,,,,,49:36.3
c9dbbce2-97c4-4a74-9ae0-18f1353b9101,,,,,,,49:36.3
964680c7-f9db-43a3-9a52-450ec1085134,,,,,,,49:36.3
98548706-6040-4887-a927-61c3bda7a76b,,,,,,,49:36.3
022ea14d-4bee-4001-95ff-58d191f35292,,,,,,,49:36.3
618d1a0b-7d44-4121-bb9f-75644a5413e8,,,,,,,49:36.3
1e005b94-f8d5-4cb3-a3da-a870aa0fa287,,,,,,,49:36.3
4309c2e2-fac9-465b-ba09-406acd4603c8,,,,,,,49:36.3
6109c629-cd6d-4cb8-a10b-ccfb6b3407fa,,,,,,,49:36.3
6bba0f00-2ad0-4da7-9b85-2f95ccd5fc7d,,,,,,,49:36.3
43fb1558-c5fb-47dc-bd5a-ac9d49771253,,,,,,,49:36.3
68c67469-08c4-4fe5-a8cc-8968ee4a5f51,,,,,,,49:36.3
dd03520a-ae21-4460-b54c-fd003992ca79,,,,,,,49:36.3
1c0aba3d-d26c-4029-aa35-a8ca98f33b66,,,,,,,49:36.3
9897d251-1f5f-43ba-a28a-de00f42d2909,,,,,,,49:36.3
9c4f7c86-fae6-4302-98f6-51ed1407280d,,,,,,,49:36.3
45cb3b07-d0a1-49e5-a1e8-eb2dd30148dc,,,,,,,49:36.3
ce54befb-da72-455a-b8ce-69ac0bc4ec99,,,,,,,49:36.3
2768d8a4-70bf-4630-b866-bc5b14bdbee2,,,,,,,49:36.3
5b02871d-979a-4ba6-a396-627068d2ea34,,,,,,,49:36.3
02ee7997-b7e4-4b2f-ba54-659231184794,,,,,,,49:36.3
f3a20503-f5c6-462b-b72c-57be1e4e7a96,,,,,,,49:36.3
2b2c7dfe-2120-4407-94d4-e54ba981fc8a,,,,,,,49:36.3
b3b700c9-d53e-4dbb-8e83-85a098612f94,,,,,,,49:36.3
ca24fe4d-42f8-44d2-86d5-ceb9323901e2,,,,,,,49:36.3
e04c68ad-ab65-4f0b-b270-15a9b0927cda,,,,,,,49:36.3
c3a5cf64-ff32-4676-9387-fbfc60a25909,,,,,,,49:36.3
46dcfb76-583c-4cfd-8c88-6ad94cad4b70,,,,,,,49:36.3
678802f6-9d46-43cb-9981-5b99f436f92d,,,,,,,49:36.3
8bac3724-5901-4384-a4c8-a18345634596,,,,,,,49:36.3
c99363ba-a3d2-41c5-9727-352e9b5a3ea2,,,,,,,49:36.3
da6aefea-4408-4221-aa88-d55553cf6867,,,,,,,49:36.3
47e3fffe-44a4-4807-9f8e-b8c408eafc0f,,,,,,,49:36.3
6cbe0bde-63c1-4934-8f57-c4b3bc067ed6,,,,,,,49:36.3
c70a49ab-8a2c-47eb-9e17-b97b0a963f3f,,,,,,,49:36.3
e370039c-a311-41e4-a91d-7cbe581decd0,,,,,,,49:36.3
56f5c3ff-d97b-46dd-861c-dad0c74fe429,,,,,,,49:36.3
7d8f49aa-2036-4a8f-94a7-dde27b82dc3d,,,,,,,49:36.3
d3089918-7ea5-40f3-a75b-0b8de4c83d89,,,,,,,49:36.3
83953b3c-8d15-4074-95c4-87323bcce854,,,,,,,49:36.3
f558c106-f095-45d0-97f9-d58f0cee6fa6,,,,,,,49:36.3
dafbaa92-2b2f-4aa1-94f0-707ac174e3ab,,,,,,,49:36.3
d6936fd3-f9bc-49c6-8bee-6906b4e245af,,,,,,,49:36.3
ab70b4b6-aa84-41c3-abc6-336deb4353f9,,,,,,,49:36.3
e0ad7521-56d5-4f85-a340-61eb546a3687,,,,,,,49:36.3
b5fdf88c-0426-41cb-9b94-24c9d989f6d6,,,,,,,49:36.3
0a35b5a0-581b-4d30-ac37-6865ff5d84d1,,,,,,,49:36.3
a416cd87-33eb-4d0e-87f9-3a71a363588d,,,,,,,49:36.3
eeb0fadd-7781-493a-95b5-dce4f1bb8e0c,,,,,,,49:36.3
d41947a9-eaa9-47f5-a10c-bdd06bc28747,,,,,,,49:36.3
09f126a5-6004-44af-a5f4-b0cb5f91a84e,,,,,,,49:36.3
c4d06c7f-9091-43dc-b1c8-67fc5410ae2d,,,,,,,49:36.3
00e47366-00e9-4d1e-97e7-2dc8a35faba0,,,,,,,49:36.3
cb9211a0-f1bd-4f92-92e6-b1cad93a031f,,,,,,,49:36.3
0b5118ea-0c11-4fdd-9459-76786d44736f,,,,,,,49:36.3
f3544d54-edc5-41c7-ae2b-75b2f89920cb,,,,,,,49:36.3
0cffd3b3-df7f-4320-961a-f0729df57fbe,,,,,,,49:36.3
b6fe7408-bb86-45fc-90e5-f3647f1709ca,,,,,,,49:36.3
9405e5fd-3784-456a-a1d4-8ef1c6760b53,,,,,,,49:36.3
3639350b-0000-4a98-93c6-377d8bd99456,,,,,,,49:36.3
47e9fc2a-dd90-4fb6-9d1f-a1b449543562,,,,,,,49:36.3
4017e5e8-0491-4720-9ad8-c0015623b5da,,,,,,,49:36.3
47d20e04-c59f-403b-bd67-df9e6fd3c3b8,,,,,,,49:36.3
0548fbb3-db97-48de-9064-629c9443e161,,,,,,,49:36.3
8a9ca4d7-d63f-4a1c-9ddd-28c84557e29a,,,,,,,49:36.3
c49fa04d-8b18-415a-b7c6-0866782f2a56,,,,,,,49:36.3
3bc8fa25-e1fd-4bdd-8aad-a674ac07f765,,,,,,,49:36.3
a42192ce-6de3-49d4-a79e-0ff9420fff6c,,,,,,,49:36.3
716bb885-c125-485b-9f11-9eb98ed7453a,,,,,,,49:36.3
f3d0f5a2-98de-4e67-8763-23652554709e,,,,,,,49:36.3
5a666446-4d63-4b4d-8e08-1490cbee068b,,,,,,,49:36.3
3037de68-5efa-47f3-9068-4328aae34deb,,,,,,,49:36.3
dedc1383-0225-4628-9024-e1e4368cbc5f,,,,,,,49:36.3
c92ad0da-c1f7-4558-8fae-5e49d578b6a9,,,,,,,49:36.3
e9df732b-4f99-4ca1-9f62-5f6d14f36913,,,,,,,49:36.3
0d407149-b9c0-466c-bc90-398ac7b5ab53,,,,,,,49:36.3
7e75632e-01b3-4977-9126-b72fecc2ca9c,,,,,,,49:36.3
e5dcaed5-4fec-47f1-8fa2-0b18f7a17ed3,,,,,,,49:36.3
07de8d7f-eb20-43d1-a9dd-ab12dabe2c75,,,,,,,49:36.3
8681caca-ff04-4f8b-bd8e-6ab10c4c1536,,,,,,,49:36.3
51b8de70-8767-4384-87f0-333033a03109,,,,,,,49:36.3
c06e06b5-fbe2-4ccc-af4c-4dd296729694,,,,,,,49:36.3
740fc4a6-94dc-4ff1-988e-08c1d720d885,,,,,,,49:36.3
2c0554d6-a97e-407a-bac9-8db4cc8c6f81,,,,,,,49:36.3
82def1a2-4bae-4650-9e9c-890fe9a094b6,,,,,,,49:36.3
2ad8829e-6dd4-49ef-84b7-eca401b6f286,,,,,,,49:36.3
02ea4db3-9226-4630-a6c8-9fa0fe7d0d31,,,,,,,49:36.3
160babc0-5622-4c41-8dcf-09cec50c95e4,,,,,,,49:36.3
0c75a0c3-4258-42d6-9ce1-15332be09f93,,,,,,,49:36.3
068b1146-b4f5-4520-a77d-ed8527ee73b1,,,,,,,49:36.3
1bd1c0de-7ce3-4d15-8136-b4a5e389b923,,,,,,,49:36.3
67f22fb4-d7e3-4285-9a19-c3f973113454,,,,,,,49:36.3
56eca31d-8a7d-402d-aa41-849d5231546a,,,,,,,49:36.3
fdb6fc01-28b0-41b0-bbb4-1da3d3e63693,,,,,,,49:36.3
f8a551fd-d1f7-4f21-bdfd-067c2cb3b3ce,,,,,,,49:36.3
8fa77d41-c1bc-456e-9be6-94d804f53ac4,,,,,,,49:36.3
deb6b08f-6e2f-4764-a002-f96184551fe5,,,,,,,49:36.3
a75a1e26-987d-4479-bf47-43ed79795512,,,,,,,49:36.3
0500b37f-d1e1-43a2-a2e1-6366a975db1d,,,,,,,49:36.3
856cfc5f-e820-4ba6-b29c-f7ec124cfd14,,,,,,,49:36.3
b2e070e9-d389-4f55-a012-8283c21071b5,,,,,,,49:36.3
e5e075bd-d15f-4ee6-9cc4-cca079fe7dca,,,,,,,49:36.3
06c8131c-0914-455d-bafd-ed31b195670a,,,,,,,49:36.3
8c296b6e-40f5-4425-8238-dee2a4bc9b97,,,,,,,49:36.3
a18adc87-9660-4ec6-8869-a9fe978fcf91,,,,,,,49:36.3
aeac48ec-a452-497c-80ff-62c2a24e3bfe,,,,,,,49:36.3
ca055c46-b825-4197-928f-79368b566600,,,,,,,49:36.3
103d0e01-04d7-472a-a2f4-cff633cb913b,,,,,,,49:36.3
77c1f8ab-d5d4-40d9-9c4d-178556cc7bac,,,,,,,49:36.3
ff96e425-3a8f-41a0-8c08-086b72c8cfeb,,,,,,,49:36.3
abc03315-2d18-4800-9d14-9abd540a7971,,,,,,,49:36.3
620eb75d-e556-4bc2-80f4-bb75122c916e,,,,,,,49:36.3
7cd6cb75-2bb6-493d-b2a6-a56b31516c1c,,,,,,,49:36.3
a10af8eb-24fc-42d5-b712-705b6168269b,,,,,,,49:36.3
2663b9ad-9a7c-4d99-9e20-5058d18fe8cd,,,,,,,49:36.3
a9448670-f8ef-4951-9f3c-0bbcbfc05b06,,,,,,,49:36.3
1bbd3810-bb4c-46ad-8cc3-abbf7442b496,,,,,,,49:36.3
e889fbe5-9a02-458f-9339-a50ca5699091,,,,,,,49:36.3
1d1295e7-5400-4cca-90eb-465202527dba,,,,,,,49:36.3
da4c07e2-8f76-43df-b91e-e461a6e85d3a,,,,,,,49:36.3
c7ea29ea-251f-4a6c-bce1-e22d2a6d4a25,,,,,,,49:36.3
cd4b552a-4085-4245-8c8b-1c93e88fef68,,,,,,,49:36.3
093c373a-c533-44e6-bad9-b81a741446db,,,,,,,49:36.3
9d2c05a1-aa32-49c9-b91a-a9110fcdb301,,,,,,,49:36.3
1f1ba612-eefe-46ae-b17a-746d5b95e192,,,,,,,49:36.3
420e266f-30c9-4e18-a0fc-1859ebde9465,,,,,,,49:36.3
c36df842-6c46-446e-9f6c-f61d652557d6,,,,,,,49:36.3
de8838e3-9967-4f0f-9557-c3e7a0db5db3,,,,,,,49:36.3
1c69a0be-9be7-4be8-84f6-fac529bc2b7c,,,,,,,49:36.3
7d6cdc0d-fb56-4963-9af3-38c8b1f5dca8,,,,,,,49:36.3
fbad6e11-820a-42f0-8aff-026013b2dace,,,,,,,49:36.3
d36266c6-8255-4366-a407-c13a2a70c35f,,,,,,,49:36.3
8094125c-854b-4a14-a9c4-46c2183032a5,,,,,,,49:36.3
36a91d2a-8468-4d38-9a85-697351064ab1,,,,,,,49:36.3
922197cf-0226-4aba-a8cf-a3bf9aab98fd,,,,,,,49:36.3
1e8b065a-7e57-4060-a828-a9bb30a2ad12,,,,,,,49:36.3
2e8b35f7-b015-4f1d-b095-9b3fc2feca92,,,,,,,49:36.3
b5e2240f-fdb1-4599-8d41-2e37829636e7,,,,,,,49:36.3
9303d4ac-48d4-46f5-9b7a-6925bfab02e6,,,,,,,49:36.3
759fb784-4e21-44ac-a03b-ce9817f19e98,,,,,,,49:36.3
8e0b22a5-65ab-42e5-aef6-ac8660541720,,,,,,,49:36.3
ae7325c1-ace2-4d4d-bfc2-5c65ae7e5c39,,,,,,,49:36.3
b6c98a70-eedf-4699-9175-66ebe0c95f87,,,,,,,49:36.3
a5664ed3-f618-46b1-a3c5-a571fcfae11b,,,,,,,49:36.3
9aa1a613-7f97-4b18-b269-30b4350c1864,,,,,,,49:36.3
39bc2e6a-58c5-4e45-a793-a14a6cddb670,,,,,,,49:36.3
5f478056-ee7c-4599-9b21-57b2ceab1ec4,,,,,,,49:36.3
2655302c-231a-4c0e-bc1a-cba7cd8c8c96,,,,,,,49:36.3
8a321f11-9143-4ff8-904e-d0c7fe59c1f1,,,,,,,49:36.3
ebb938d5-7eb3-4093-b4d8-e2124d86d176,,,,,,,49:36.3
9fba322f-e8a1-4574-ab74-a3f9f286894e,,,,,,,49:36.3
1c926205-88c2-45d9-97e2-6d4fee1e8b03,,,,,,,49:36.3
ed5b4354-f1a2-4022-a790-9409035e114c,,,,,,,49:36.3
2da275f8-6c95-4976-82ab-7cb0ec93cd74,,,,,,,49:36.3
38dea36f-26cc-4f71-8b66-bb14ce367574,,,,,,,49:36.3
7411a522-ed66-4296-8f74-570257120d6e,,,,,,,49:36.3
1e6990f7-a802-41a2-8ef1-dd803c0f2170,,,,,,,49:36.3
8f5f50cc-8d05-4fc5-bc6a-076da11f4f9b,,,,,,,49:36.3
2492b1f0-6f24-4997-bc79-aaaea60b7df1,,,,,,,49:36.3
37e3eb05-3f1b-4755-8bb0-677899d8b281,,,,,,,49:36.3
46a7bf35-f45c-434e-9c89-f25f7b77e03f,,,,,,,49:36.3
be155547-7e63-445f-88a1-1185f2326907,,,,,,,49:36.3
f90c8716-4438-4f5f-86ed-f8926bdedd29,,,,,,,49:36.3
fed5b5c3-f73a-4d9d-8154-eb49c2ac18a9,,,,,,,49:36.3
8b85e792-17c5-4533-8869-c1cdbc8d7364,,,,,,,49:36.3
f8e1c6de-d7aa-4797-b948-09998cd45b6a,,,,,,,49:36.3
71f6a49b-e74a-4aa0-a1e2-976cb9db454b,,,,,,,49:36.3
17f8a6ac-cbea-43e9-afc5-1abd869bb8c3,,,,,,,49:36.3
cd750f1a-07e7-40b4-8536-74568ff4de5a,,,,,,,49:36.3
d21e88b9-0755-480e-9ee5-788d9d44e98c,,,,,,,49:36.3
1e15e24c-7bbf-4bfc-9330-f816d4d95789,,,,,,,49:36.3
a6399cd6-4d1b-413a-ad63-26b10b9100b3,,,,,,,49:36.3
6327ac50-fb4d-4c12-a601-b6259a40c5bc,,,,,,,49:36.3
ebad6364-81ce-4cca-bc3d-c930bec656ed,,,,,,,49:36.3
4edf184f-b949-479a-b2a8-71d0ad81b65d,,,,,,,49:36.3
db24c80b-4b6a-45e7-a8b0-437794b632a1,,,,,,,49:36.3
6305a9fb-8009-469a-85fb-3e0ccea566c4,,,,,,,49:36.3
6fb1465c-e82e-4e59-9f01-88fe505c6628,,,,,,,49:36.3
d44f3dbc-56fb-4fe8-bcce-3534bca7b021,,,,,,,49:36.3
e5269c7a-aeba-4bc4-b6de-10ff7ffb9fe7,,,,,,,49:36.3
5b0e6504-c820-4af5-906f-412923cc055f,,,,,,,49:36.3
f683e9a7-1951-4ee3-99f5-c08b2b922f53,,,,,,,49:36.3
2db4a90b-380f-4ef5-aead-dabe0f572b88,,,,,,,49:36.3
cf8574c8-1107-440c-ad8b-3d17f908ebd0,,,,,,,49:36.3
380919d7-b090-4214-988f-83c4d9328213,,,,,,,49:36.3
503be75f-d455-4e8a-893d-1b45bd73df55,,,,,,,49:36.3
83b2aa30-30bc-4ab3-8f57-844f037dd001,,,,,,,49:36.3
2f235818-29b9-42d0-9173-efef0346da7d,,,,,,,49:36.3
cbd3ceb2-12e5-4894-ba75-19d31889927e,,,,,,,49:36.3
252a82c4-3777-4ae8-8dbe-49ff673373ae,,,,,,,49:36.3
ac2aab75-ad49-4763-bc7a-ba5bbdd1a1b1,,,,,,,49:36.3
15944440-e553-4fd6-8295-0bce2c9a4c5f,,,,,,,49:36.3
7980ddab-076b-4cd0-a151-593c06c7eeab,,,,,,,49:36.3
abc9cd37-662b-4ecd-8993-422cba662ca2,,,,,,,49:36.3
45070d15-00a5-4665-b6ea-0e7fb9861459,,,,,,,49:36.3
a694369b-deeb-4da0-a759-1cb4e03db68f,,,,,,,49:36.3
00db297c-aa7b-4a50-bca7-5546c7bd8a15,,,,,,,49:36.3
37d9625d-e31a-4559-8243-ea4e24ca71d2,,,,,,,49:36.3
105a4166-96d9-429f-967f-90b134300620,,,,,,,49:36.3
8b48f7a0-36ca-4933-8427-d1394265e591,,,,,,,49:36.3
6e656bd1-44a6-4a68-b2fa-83ea6fa8c430,,,,,,,49:36.3
e9c9ac59-ba59-4959-8e12-cd0752bfcf4e,,,,,,,49:36.3
8ddd4a38-fee8-4b94-93bc-fcaa5f1681df,,,,,,,49:36.3
a2c15b58-fe6a-488b-8178-b0e0966971bc,,,,,,,49:36.3
8c2a68b8-7859-4f80-9203-01a36a090715,,,,,,,49:36.3
99851784-8032-44fc-ab9f-ceec39eb60a6,,,,,,,49:36.3
6ecfc90b-88f0-4125-a63d-be1ba69ce7ae,,,,,,,49:36.3
df3fc084-af4b-48f0-891c-f190fb3923eb,,,,,,,49:36.3
2a42df74-e252-43e3-bfc7-f8ee19fb2210,,,,,,,49:36.3
92bb7e88-1f2f-4276-b38d-326c62717fdf,,,,,,,49:36.3
ce9b0710-a73d-40be-9b71-71772b4045d2,,,,,,,49:36.3
d4cdb180-1e9c-4573-b7bd-2129166e7d8c,,,,,,,49:36.3
95752e3f-bfb8-4844-88b9-f92d9fda2dad,,,,,,,49:36.3
89398bf8-552c-401c-8bda-391276a8032a,,,,,,,49:36.3
39f9da51-3488-44db-ad35-9147aa44d24c,,,,,,,49:36.3
3a734170-468b-4d66-8ddd-0a77171da243,,,,,,,49:36.3
84955e64-ee56-49e7-af70-21f8c152c8be,,,,,,,49:36.3
6bf47b34-836a-484f-9bd9-6132b2de52b5,,,,,,,49:36.3
cdf1be90-c407-493b-b3de-87666ebe98c0,,,,,,,49:36.3
c13d3fe4-4e4e-4461-81c1-d314d5ff101b,,,,,,,49:36.3
71157ebe-dd2f-4686-b22c-795b96bf3808,,,,,,,49:36.3
67eed04a-051e-43dd-9c69-25fa183427ae,,,,,,,49:36.3
7258c5fd-eed2-4920-8e54-8cb4d9feffd2,,,,,,,49:36.3
df112507-8537-494a-9d72-b2fe985d8e68,,,,,,,49:36.3
5b703617-74d3-45cb-bcb5-2957400dafe7,,,,,,,49:36.3
294cdc44-e509-4fb6-9832-2bb36dac7f27,,,,,,,49:36.3
73b9c98a-8f14-48d6-880d-0c273c5d48d5,,,,,,,49:36.3
820bc444-190e-4457-81b9-ec13e4868f2a,,,,,,,49:36.3
55eea53f-0d9d-42bd-8da6-32de537bfd78,,,,,,,49:36.3
e0edb3d7-7d60-4aa3-a7bc-07b3c76c5222,,,,,,,49:36.3
5ccc9d66-003f-4d4e-9fea-935ac027e567,,,,,,,49:36.3
394a0522-e9b4-4920-a0ff-c368b2a1f689,,,,,,,49:36.3
10c5963d-ea9d-4253-97fb-11c875df0896,,,,,,,49:36.3
79fbd62f-9bd4-4c94-8dbc-41a9b32f9010,,,,,,,49:36.3
9e451724-53c7-4564-bbeb-3788ac7f2a91,,,,,,,49:36.3
6b9bb3bf-2552-4e3d-9e98-31f52deb8f4b,,,,,,,49:36.3
5b8b3540-557d-4a7b-a3a4-5309d2e77f5e,,,,,,,49:36.3
e7dca724-009d-4ebd-9f29-d48652823426,,,,,,,49:36.3
c8350bac-8ed1-4a28-9465-87fe33c635a9,,,,,,,49:36.3
2e993987-1096-4dd8-aed7-1b4433a96676,,,,,,,49:36.3
6471cfda-db33-45da-aa41-1a3110968454,,,,,,,49:36.3
2f233b02-15dd-4be7-9f7b-11de0a6bb4ea,,,,,,,49:36.3
de213035-85b9-4735-9fb0-87651d0c814c,,,,,,,49:36.3
968a45ae-e9a7-4f65-9fac-f1963b2d3b4d,,,,,,,49:36.3
d9ac888c-b097-4d16-9c1a-cc4be249aa80,,,,,,,49:36.3
1f0445b8-13c9-49bf-97bd-e09528ccdae8,,,,,,,49:36.3
4cc4109e-9a26-450b-8dcf-01388d8dd650,,,,,,,49:36.3
eccb02e4-f7c3-42bb-a673-43da76ed98f6,,,,,,,49:36.3
6559490e-8814-4202-9342-20bdd3f21c93,,,,,,,49:36.3
9b83696b-8df0-4958-ab5e-ccc21ef7033c,,,,,,,49:36.3
3edc2124-b33e-4a74-8200-950d9d87f3f3,,,,,,,49:36.3
66d9da89-2a4e-49ec-9a52-4aa315442bcc,,,,,,,49:36.3
b2bbf131-70a8-4182-a830-1476b869d88f,,,,,,,49:36.3
3dee4d6f-68f4-438f-93b6-14bd8df98e8c,,,,,,,49:36.3
4237fff3-357a-44b3-af65-7e84e2379e21,,,,,,,49:36.3
a7ed5a26-1356-4d0f-8567-7035a5c0cbdd,,,,,,,49:36.3
eb2283bf-08c5-46fb-a240-b67502d779cb,,,,,,,49:36.3
0e1aa984-c1db-4326-94e2-0340454318cb,,,,,,,49:36.3
a20526d1-47dd-42c4-b2e6-332c18de9959,,,,,,,49:36.3
a07a7d2e-7896-4c47-b344-237171070ea8,,,,,,,49:36.3
5a3216aa-0777-4985-ae72-8d0abf58c831,,,,,,,49:36.3
b03a1c07-307e-452f-86c1-7c37ef86d051,,,,,,,49:36.3
bff22bcf-4e10-4616-b6be-5d6eb59ccaf5,,,,,,,49:36.3
6a412f69-a4b4-4e25-9db3-c19ef4d5920d,,,,,,,49:36.3
9b899cf9-4c7b-4081-8cb3-c879a13355b3,,,,,,,49:36.3
942cfbab-89c2-4bee-8b03-0f2c8abadcd9,,,,,,,49:36.3
a73696ea-afa0-4348-9a51-a4d817a92f4a,,,,,,,49:36.3
3c76edd8-5e7b-4ef1-940f-bff4f95aa8d8,,,,,,,49:36.3
7d69345f-7e41-4a12-b30f-10672ce5f60d,,,,,,,49:36.3
f6041424-3d8d-4266-b124-51702964577a,,,,,,,49:36.3
c159c236-4758-4f5b-bffe-9bd5757a679f,,,,,,,49:36.3
0bf4d597-1464-41d1-a7d2-8259b5f75035,,,,,,,49:36.3
f8769b05-e842-4a78-aa39-ce8c7cb70408,,,,,,,49:36.3
0ddfa5e4-8d86-4128-a586-71b69d13e82c,,,,,,,49:36.3
f38c82f3-3b67-476c-9ba4-db031a0e9fb0,,,,,,,49:36.3
6aedd19b-7100-41ea-a542-dd683ec08d0f,,,,,,,49:36.3
128951a6-1ade-4342-b1ba-24d83dcd1cda,,,,,,,49:36.3
692ad13c-533e-4987-8098-e582c82a2e53,,,,,,,49:36.3
c4a7ddb1-68e9-4028-b72c-7cbd7db53b1f,,,,,,,49:36.3
629c6e35-77f0-4fe6-aa4c-adf01664f355,,,,,,,49:36.3
a3843fac-0a3b-4381-b111-85d06d0c8d42,,,,,,,49:36.3
76cc9863-cd30-4003-84e3-1557780e0ebd,,,,,,,49:36.3
ef478876-4bd8-431b-bc0f-31d8d8612400,,,,,,,49:36.3
76f6d26d-8fac-47fb-95dd-54077b94a764,,,,,,,49:36.3
0e01a1cb-9cd0-4f87-ac92-e19a9c134ad6,,,,,,,49:36.3
ccf36187-4f61-4d2f-95cd-a9aa5529c6e7,,,,,,,49:36.3
0db07c31-7c42-4060-b1b8-fd27e93b841f,,,,,,,49:36.3
dd8e369e-394d-40c2-b5b4-fe219bd47afd,,,,,,,49:36.3
88534d35-df5b-4c24-9e02-afe0a0c2dee0,,,,,,,49:36.3
aa14c893-5410-47a7-8d91-7ee39a96f998,,,,,,,49:36.3
ba0b2558-91d6-4692-b66d-273dac44d9fe,,,,,,,49:36.3
143fc702-b505-4e08-a0cc-78d41f551d7f,,,,,,,49:36.3
1b7dd2d3-fb38-499c-9d3e-98af6bb31631,,,,,,,49:36.3
9e203452-d599-4eec-ad4f-7e61d2686b91,,,,,,,49:36.3
bfdd0ea3-c90e-405d-a03f-35f3d6dfbfa6,,,,,,,49:36.3
938fc263-6d21-466f-bc72-0ffebfaaa488,,,,,,,49:36.3
c8882c9f-a2f1-40fc-8086-673d29d0ba7a,,,,,,,49:36.3
42086ee3-5d3e-4261-aff7-0638a0d4df20,,,,,,,49:36.3
05218dad-47b9-4a3e-a747-abf70b48d5f7,,,,,,,49:36.3
b74398eb-a5e6-4e61-a8a1-162ca4c83bd5,,,,,,,49:36.3
98c75a60-3c2d-46a8-a2c4-62cc2d08f861,,,,,,,49:36.3
ac496a72-c4e8-4827-b650-0938ec3f041b,,,,,,,49:36.3
baedc3a2-71f4-4e71-b364-975c77b141d5,,,,,,,49:36.3
6dd47b65-dc1a-4acf-8d87-a95b10c9f2cd,,,,,,,49:36.3
88546909-b872-4b6c-ab5b-c1f07e36655c,,,,,,,49:36.3
bb18a071-c4e8-4b7c-b505-bd2e5184ae01,,,,,,,49:36.3
8421fa11-508b-464a-8ea3-976f84183f46,,,,,,,49:36.3
5d9d0d27-59bb-438d-85a9-4883c10d12eb,,,,,,,49:36.3
068a94d7-7347-48db-ab16-213a09fe7fa1,,,,,,,49:36.3
703683bf-78bc-4d22-a726-4e1687d54079,,,,,,,49:36.3
31ab34d9-c094-43c6-b0c8-11dad85a585f,,,,,,,49:36.3
e5662344-603e-4827-98b9-02cd5b2c04c7,,,,,,,49:36.3
0c5ce5d3-93d1-474b-baa0-d455f90971e8,,,,,,,49:36.3
4e616f13-15a3-4fab-8d6e-56bd11af0b71,,,,,,,49:36.3
af078129-14c2-4e88-b85c-c581b731db8a,,,,,,,49:36.3
0220a559-8e31-4ea3-b549-e2fbe90bb872,,,,,,,49:36.3
b47b1d10-0019-492f-b257-c0b550271df6,,,,,,,49:36.3
1c37af31-add4-462a-bba4-6d8f3c567a15,,,,,,,49:36.3
90887535-9b7a-4b99-a105-498c3a163b32,,,,,,,49:36.3
b1b4e0e9-619b-4dea-a2a3-2e29f9079f80,,,,,,,49:36.3
3a2021fe-25f1-4276-a781-ec919e44016c,,,,,,,49:36.3
f4fbf060-1de5-4757-a038-4e102d6ec38b,,,,,,,49:36.3
c2e585b5-22a8-4a1e-9465-eeb5a085ec68,,,,,,,49:36.3
52361a9e-19fa-46ff-8c44-dcaeb1b7b755,,,,,,,49:36.3
461399c3-8757-4c02-b8a9-5390087ba5bf,,,,,,,49:36.3
da85ac82-75dd-4e38-9c8b-4bf805143da0,,,,,,,49:36.3
2993f6c6-7e22-4b9f-88cd-3b7301a02eb6,,,,,,,49:36.3
ca67e731-c089-4ba0-a134-2b4b31aab528,,,,,,,49:36.3
07463881-5294-4bee-8765-c659a1d1937f,,,,,,,49:36.3
d151fea8-1ac3-4b8c-b8e1-c8b06c42d85a,,,,,,,49:36.3
a5f813f2-925d-4790-ad5e-9aa64f376ce6,,,,,,,49:36.3
444907e0-cd0e-40ef-ab5a-d9f39dcbec73,,,,,,,49:36.3
34ed1535-4cee-48fc-9901-81ee9e4a3f28,,,,,,,49:36.3
82236965-a05e-4c08-93ff-9f68ccdb623c,,,,,,,49:36.3
f8421342-a336-4502-bad8-c7fd23881bf4,,,,,,,49:36.3
7248479f-45d9-4da3-8601-b2fe38be446d,,,,,,,49:36.3
a78bb628-c021-4bae-8054-3605c7e01ab4,,,,,,,49:36.3
d64b7363-7831-4e60-8ffa-d34f80275696,,,,,,,49:36.3
26979a87-88a1-45bf-9aca-de94aa0cb8c2,,,,,,,49:36.3
b8a1e007-8fa0-4549-851b-4b4acdb65e11,,,,,,,49:36.3
44b93dd5-3177-4e28-8731-e5efe991f0e0,,,,,,,49:36.3
7ef883dd-5abf-4c96-974f-7d487e5a1703,,,,,,,49:36.3
21ef1888-6da3-4032-9731-6aa92c6dbce4,,,,,,,49:36.3
2b98bb59-c9f3-48bc-abb8-6c77d20d772d,,,,,,,49:36.3
80599102-fd72-4aa1-96fc-849efc6f3883,,,,,,,49:36.3
7e645a4d-a25e-41ac-9a97-653defbadb4a,,,,,,,49:36.3
d390d962-cc7b-41c3-9fab-a697da6ff775,,,,,,,49:36.3
d8bb93f8-627e-47f0-8b42-d064ad62134b,,,,,,,49:36.3
566a6bfe-9999-4a02-9cf5-f6b0eede34f8,,,,,,,49:36.3
519e4ce9-dfdd-4949-9080-e2c9ea9d62c8,,,,,,,49:36.3
d11125fe-bde5-466f-bfc2-ce4de51dfca1,,,,,,,49:36.3
aefaf87a-54f5-48b4-9065-d379a6c1596b,,,,,,,49:36.3
0ea54e5e-b083-4d3d-b55d-5c8221aaf7f3,,,,,,,49:36.3
477511a8-02a1-484c-a2a8-88fef37b9151,,,,,,,49:36.3
88bdce59-3a99-4fc1-9ae1-edeb7f35e5e0,,,,,,,49:36.3
ca63261f-61d7-43f3-a67c-8894154c1ff3,,,,,,,49:36.3
d25d1a26-047b-4268-b563-4a94cc2a79a1,,,,,,,49:36.3
ea6a06a9-478d-48ab-b351-5a3a636f0232,,,,,,,49:36.3
6acfe374-617d-42cc-9907-fd580371ffa0,,,,,,,49:36.3
8fdbe96e-90d0-405c-a3f5-68aba2ea5e79,,,,,,,49:36.3
180c9736-75ab-44cd-8b41-e5465ab92975,,,,,,,49:36.3
f7a7c087-51e5-4486-b368-5ebd6eb2e2eb,,,,,,,49:36.3
6c50a02f-b23f-4512-895f-d68324f56aca,,,,,,,49:36.3
c93b10b4-97fb-4ca7-9ea7-dcae4dd6382b,,,,,,,49:36.3
f10c27e7-1bc8-4dcd-8200-a08c2ec6d452,,,,,,,49:36.3
159de484-5661-42bf-9897-a27453b1b02f,,,,,,,49:36.3
cf35d47b-9fe0-4471-8ea5-7cf87e7cbce8,,,,,,,49:36.3
4f543424-b0b0-49fd-8a19-7a256717bfd9,,,,,,,49:36.3
8af9d79c-d3eb-413d-b5e5-ab9a4258d5f4,,,,,,,49:36.3
5c3864dc-8052-4fe8-98a3-6e5af6e13ea1,,,,,,,49:36.3
26681e75-0456-43bb-86a5-0b402c2cc2b2,,,,,,,49:36.3
f543a39f-a8cd-498f-8c09-d72a1eb1aa87,,,,,,,49:36.3
64d51a1e-832e-406a-9830-dda5c62671a9,,,,,,,49:36.3
56811b95-2554-49c1-817e-dfbac41723c6,,,,,,,49:36.3
66c35a0c-3bac-4e6b-b92b-4d871d18dd44,,,,,,,49:36.3
636d444f-07cb-49b5-9fbc-498a47c33ddc,,,,,,,49:36.3
c18d97de-0e00-4e8f-aa1c-942ab9e177cd,,,,,,,49:36.3
5222b8d5-8e9f-4e04-8dd3-6bec2b2e8718,,,,,,,49:36.3
2233e158-f24f-4226-8177-7ca9a348a627,,,,,,,49:36.3
c67a2fd7-1bf8-4270-93ec-d2af1fea89d9,,,,,,,49:36.3
26a0b4a6-bbea-4f17-ae42-61eb66de5af9,,,,,,,49:36.3
2ca9069b-cf90-491d-9255-4854c164c098,,,,,,,49:36.3
a460b43c-1ae3-47ac-b1d7-12ca33c4f060,,,,,,,49:36.3
10827bd1-d191-48b2-9f79-a2153d58462f,,,,,,,49:36.3
2b1fae29-02bf-4cd1-baa2-1b42f33051f8,,,,,,,49:36.3
e0a4d5fb-487e-45df-9e84-671816908898,,,,,,,49:36.3
e53ce438-d0b2-45f7-bbc9-e019d8ef0010,,,,,,,49:36.3
b34b43ec-3f46-4172-a4ed-8585a55140de,,,,,,,49:36.3
a362aa04-c413-4af7-af2e-11c814fbe680,,,,,,,49:36.3
d3fa0464-fd1a-4439-aaea-f5f4f71a6009,,,,,,,49:36.3
9942e604-f268-44ce-902a-7b0e7a2901db,,,,,,,49:36.3
dd3cc195-cb69-407e-a867-04a17ecf81c2,,,,,,,49:36.3
0098e846-79c8-46ba-8d83-a8ce37ff02b3,,,,,,,49:36.3
29b08a8c-b139-4047-9214-c6036c97b9dd,,,,,,,49:36.3
236bfadd-5399-40ff-83ac-ad967e8af6d4,,,,,,,49:36.3
84d9f10a-715f-462f-bf16-83f7cf9e6d9a,,,,,,,49:36.3
8fa63be3-26b1-4c52-9003-6fc129bf62ad,,,,,,,49:36.3
ff18e500-9662-49f3-85c6-48dd819a8ab1,,,,,,,49:36.3
bb585a73-bf5a-46e8-87dd-933eaf8accc2,,,,,,,49:36.3
1406a20d-a70a-4930-afa6-34fd1a0ea451,,,,,,,49:36.3
4dc5a570-572d-4dcf-9f9e-fb91e23e6304,,,,,,,49:36.3
363f4ef3-b474-4b6d-bf4c-985cad323d1e,,,,,,,49:36.3
27fb6230-50a9-4c7a-9e61-15109e73bac0,,,,,,,49:36.3
97492833-87c0-4a0e-ab1f-13c53720bf6b,,,,,,,49:36.3
91556f11-937f-4c4c-8ba6-a00a5ad3266b,,,,,,,49:36.3
18b671ee-f1c3-49df-b185-04c66d657371,,,,,,,49:36.3
51dde7ae-aff0-4958-8ee9-b8f494285e32,,,,,,,49:36.3
666e39aa-3211-4772-aab7-ca25250db75c,,,,,,,49:36.3
cba58fad-b1d4-46a2-a528-1e5a103080a6,,,,,,,49:36.3
19fe936b-2e4a-46b1-9cc0-65c4f40e6aaa,,,,,,,49:36.3
3888bff7-14f2-4868-8512-451abe327cfc,,,,,,,49:36.3
15d82fd1-a652-4889-aaaf-5d05e182a7d2,,,,,,,49:36.3
01199022-630b-436f-bca0-55781e173446,,,,,,,49:36.3
4c94f933-9e58-44aa-9ecb-4a1df03e918c,,,,,,,49:36.3
cfdaa092-353b-49b1-a814-28fba242f0f9,,,,,,,49:36.3
994bd215-8f0f-4ad5-99e0-692a41d4662a,,,,,,,49:36.3
1879b6a9-b1fe-4843-a9db-b7f63574352d,,,,,,,49:36.3
fd4d2ec2-6f32-4e40-a121-f256286e8493,,,,,,,49:36.3
52f20bc8-685e-4448-bea8-7f7ba6e40c9c,,,,,,,49:36.3
a9f2b214-37b9-438d-9d20-228614aa8d65,,,,,,,49:36.3
804d8421-d92c-4094-bbd2-ad417fc37e7a,,,,,,,49:36.3
35cffe58-3816-49cc-87ba-531033a1b245,,,,,,,49:36.3
d5152fe7-2c85-4d48-b16e-ab5ea5a611ba,,,,,,,49:36.3
3a59a184-2203-4071-9f5e-b4f7d0236f7c,,,,,,,49:36.3
e28bda88-033b-4913-bb33-9c4fd2c5c6b5,,,,,,,49:36.3
222c6edb-07e9-405c-9ee6-bceed48dba5c,,,,,,,49:36.3
a4776307-449e-4f26-8633-97049e197239,,,,,,,49:36.3
1d2600da-d8da-44dd-b2ab-cfbdb44e447b,,,,,,,49:36.3
97471e6e-4a91-4457-a909-390a73e7ec28,,,,,,,49:36.3
2e7bb81f-797d-4763-be32-832503496292,,,,,,,49:36.3
0b003362-984a-4523-a051-fdfe8b8ee97d,,,,,,,49:36.3
ced8d8cb-3a43-4e46-af6f-ac85076f65f3,,,,,,,49:36.3
3400fd7d-dac8-46a2-9f07-19c8851698b3,,,,,,,49:36.3
684c19d1-ce91-494f-943d-4bc0a8359b23,,,,,,,49:36.3
d3f34fcb-b9ba-4871-b7cb-4e0741a2e453,,,,,,,49:36.3
05ef04c3-b50b-4e2b-bc5b-bf690bc018c8,,,,,,,49:36.3
b15d1e03-9bf3-4c58-83a6-4b8a64711857,,,,,,,49:36.3
28538b90-0fd0-405c-ac89-3988fb8f843b,,,,,,,49:36.3
8493c835-77d6-4bb1-b5e1-e7e7c78be902,,,,,,,49:36.3
0c9ab8e3-fc04-4b4c-89d5-c34fd0414628,,,,,,,49:36.3
914cf6ed-86dd-4c39-80cb-0c848844c199,,,,,,,49:36.3
998cbce4-5c24-4c18-bdec-c8c347b9b127,,,,,,,49:36.3
5190cf7f-71d8-45e9-a28e-8e8b614326a7,,,,,,,49:36.3
743c3720-e9bc-4c1b-877e-5f253dfc02ed,,,,,,,49:36.3
bd517708-7a03-4055-820c-bbbf2a881103,,,,,,,49:36.3
9ecec13b-46ee-407b-9cff-7c32cf0f035c,,,,,,,49:36.3
4bf1967b-18da-4817-a017-5c21475814ea,,,,,,,49:36.3
2aea0fad-219d-47a8-9770-3df3292959fb,,,,,,,49:36.3
2467b674-8ceb-4949-ab31-5160b60a2880,,,,,,,49:36.3
512bce04-0a67-4696-8333-9cb37594df15,,,,,,,49:36.3
45b13c42-a98f-4248-920d-2849433277a7,,,,,,,49:36.3
43b2d1c6-b322-480f-8c25-80b102514870,,,,,,,49:36.3
da6aec77-367a-47ba-b1f2-c5b4852f6666,,,,,,,49:36.3
6d126849-f969-4ef4-b902-79d125ab87f9,,,,,,,49:36.3
68cba753-86a4-4d9c-a740-957459a04f1c,,,,,,,49:36.3
56668cdf-bde3-4678-bf51-29c3f5cd0ebc,,,,,,,49:36.3
58409920-4659-4b8a-b3e1-59595bfd9e30,,,,,,,49:36.3
38b71f31-48ef-4ebd-b29e-15840c3e5b5e,,,,,,,49:36.3
a787aa64-6dd0-486e-81bf-859c90cd160c,,,,,,,49:36.3
a5b53edb-d2fc-4857-9a3c-417e2d2fe20e,,,,,,,49:36.3
e1afc757-811f-40b4-aa6f-1427d311076a,,,,,,,49:36.3
704d2edc-b44a-4b19-bfd5-38bbb28e3f79,,,,,,,49:36.3
e4aa1eb0-41bd-4f17-9f62-5e758d9666f8,,,,,,,49:36.3
cb3fe0f2-f355-4e87-a1a4-5a62745d8afb,,,,,,,49:36.3
ab323b7a-6858-4543-8926-3b81a4ddd40e,,,,,,,49:36.3
a2ff2108-c345-4337-8d11-88c71e6e5ca4,,,,,,,49:36.3
636403d0-0395-487d-9d5a-c441fc337272,,,,,,,49:36.3
7b57399e-8ee3-4b6a-987c-c5a219696f4d,,,,,,,49:36.3
ee0cccb4-dcb0-4a20-a5e2-5c6eff1cae86,,,,,,,49:36.3
97172a63-4dd5-481d-aaa3-38ac6b940e13,,,,,,,49:36.3
b6f4f6d0-e5fb-459e-a3c8-0b6e81c1caf9,,,,,,,49:36.3
332dd939-6168-45a5-aabc-85a7124e2da1,,,,,,,49:36.3
a6bc115f-9343-4ad9-ba79-d1a3575e4d31,,,,,,,49:36.3
018bedb4-6c82-43ba-8a3a-9791410a005f,,,,,,,49:36.3
e1e27137-32db-4f70-ae1d-890f8c49975d,,,,,,,49:36.3
d48eba53-bf4e-4bca-a819-e336c0ff48fd,,,,,,,49:36.3
4e5c41b2-041e-4992-870d-283217d0c79f,,,,,,,49:36.3
f3630854-03c9-47a6-a07e-9694e3b879c3,,,,,,,49:36.3
171df578-247d-428c-8e1e-08af57260d7c,,,,,,,49:36.3
38ff6786-405c-4cc0-926e-703aa24bb02f,,,,,,,49:36.3
075cce4b-ba4f-434d-827f-9afb298c8fc3,,,,,,,49:36.3
d90aa6d7-24fa-4072-93eb-97b1f98aef3b,,,,,,,49:36.3
e6b76ea5-36e6-4b08-85fe-6dcc022eb9a5,,,,,,,49:36.3
8cf931f0-7a46-4956-b224-8220cd072180,,,,,,,49:36.3
b12513b5-b2f9-45e0-b36c-e610a1327b8d,,,,,,,49:36.3
68366246-23f6-44e2-9c94-94c4a7ea3035,,,,,,,49:36.3
091f9214-99a6-40c0-a8e1-8ec375ee34d8,,,,,,,49:36.3
b28be08b-4e44-4162-88ba-a5a25f3049a5,,,,,,,49:36.3
26e04943-d8b6-4628-913c-c4a4056f8911,,,,,,,49:36.3
a7c1a740-13d4-4482-92e3-a950ecb32114,,,,,,,49:36.3
0b6c1b77-ec7f-4b31-8e65-b87ce78afea9,,,,,,,49:36.3
cf732d05-e2d9-43d4-b44c-8f2477343a00,,,,,,,49:36.3
8b213025-8bb9-43e6-b16c-db5905fcb7ff,,,,,,,49:36.3
aa86685b-9889-4528-a4d2-9bf4afd7999d,,,,,,,49:36.3
9fd03a9c-fc1f-4588-8bfb-a711176f05fc,,,,,,,49:36.3
7476ba04-dcf3-4aef-8b83-3a388666fc1e,,,,,,,49:36.3
2e41a536-2399-48f1-bd96-117b33c3cd6d,,,,,,,49:36.3
f6b966f5-1ea1-48dd-9b2e-f7b25631c84e,,,,,,,49:36.3
47d0a32e-7269-42f8-95f6-2d92da3ef7e6,,,,,,,49:36.3
d65ff5c7-3ae8-4ea7-9288-acabc2a92ec8,,,,,,,49:36.3
30296a98-d5c5-4f40-880c-dd2f9a1c7b1d,,,,,,,49:36.3
2f69f635-9371-4fe7-aea0-42eed3e46321,,,,,,,49:36.3
cabac841-9c10-4cc7-ad6a-cc6e665d9460,,,,,,,49:36.3
d71389e8-6369-4034-b01b-baeed31ecc70,,,,,,,49:36.3
444e3906-ebd2-431b-8996-155b87a0a899,,,,,,,49:36.3
0dcb8cf8-7458-4a60-bd0d-f1115c620a80,,,,,,,49:36.3
773f4f0e-2ac0-4600-8922-ab4b26621c11,,,,,,,49:36.3
88aeb920-52f1-4022-8de2-5050d1e9892c,,,,,,,49:36.3
b23f3b66-f8cb-4514-9654-066e7263d586,,,,,,,49:36.3
89dfba75-40a2-4a74-932b-64a065eb76c4,,,,,,,49:36.3
29131006-f072-49d0-9c36-72e9c1bb1475,,,,,,,49:36.3
01c757b0-7c95-49fe-b27c-dad55f130e32,,,,,,,49:36.3
47c74903-12f3-4ce9-aa7f-ddc93d36ab5d,,,,,,,49:36.3
c59bba7c-1fe1-4868-821a-d01320a20940,,,,,,,49:36.3
8fb9d7b6-d5be-4a6f-b17a-bd1e6fd23fc2,,,,,,,49:36.3
de31a3ff-ed12-4781-b35b-31b652c9185f,,,,,,,49:36.3
8105b76e-8801-4562-bd7b-a3c3bd667289,,,,,,,49:36.3
dae43cdc-be84-462f-b30a-dcf9ddcc40bf,,,,,,,49:36.3
b3e136b9-3116-49d4-8d6c-7f65e8d1c72d,,,,,,,49:36.3
692775a6-aee8-48eb-bfba-cad076e45f34,,,,,,,49:36.3
debbe70b-68aa-4e59-90a9-b68081b1eae5,,,,,,,49:36.3
ebf666b4-a030-47dc-a375-a08e2732f681,,,,,,,49:36.3
ee73acbb-5483-4b42-ad8c-f8b770564975,,,,,,,49:36.3
34643cfd-07a9-43f1-976e-6e7ecd1fc59a,,,,,,,49:36.3
1d0b211c-91fb-44a4-92a6-6443e8ac256b,,,,,,,49:36.3
29fdc518-fe68-4889-9cfd-b2dc0e32711c,,,,,,,49:36.3
38d7d03d-f73b-448d-88f0-0224ef9bc45a,,,,,,,49:36.3
d0826a75-5b28-46dd-a396-3e5b67db1791,,,,,,,49:36.3
bd725924-da66-4bfa-b8c9-2e0ab7bcf18e,,,,,,,49:36.3
d108f7a7-3bfb-46b8-95b3-09ec4b727b99,,,,,,,49:36.3
ce957143-e35f-4499-b86e-caf76e523ae7,,,,,,,49:36.3
559e513f-1ac6-43c6-8e98-e5c09a1295ed,,,,,,,49:36.3
02f22c94-160e-4902-a39b-d8498f216248,,,,,,,49:36.3
88850e7a-8fac-4078-827a-7d361025091a,,,,,,,49:36.3
6eea5135-de98-4c32-8e8e-dccacdd1f91d,,,,,,,49:36.3
e9bff759-2a39-4454-8f5a-dd2cb43a9d40,,,,,,,49:36.3
91d863cf-4c7a-4c3c-a376-b4446eaf49a9,,,,,,,49:36.3
a4e112be-179a-453a-b6bd-900221332727,,,,,,,49:36.3
cae99a72-8fa2-40b4-ac6f-20e9f808fe8a,,,,,,,49:36.3
5cb7aca6-e429-4125-b134-b28464206899,,,,,,,49:36.3
28fcb671-e1be-4d93-b6b3-9a9bd3eaad92,,,,,,,49:36.3
aff65f7c-5596-4535-9f30-6d4bf4800d12,,,,,,,49:36.3
311e6ad0-4cd0-4e1c-8501-94871a44880a,,,,,,,49:36.3
ccb6eae0-be79-493d-9d86-d052e0c1fd2d,,,,,,,49:36.3
b7010419-e671-4dd8-b42e-c93ab9840d07,,,,,,,49:36.3
5cbdc730-71c9-4152-b9fb-5b8fe1d423ae,,,,,,,49:36.3
f6324f2f-7ad9-4e85-a830-c3db5a9fee33,,,,,,,49:36.3
1f714608-57b8-42c3-8b1e-96725b2a5c95,,,,,,,49:36.3
dc8381f7-27b0-4fc3-a183-9b5a49ce434d,,,,,,,49:36.3
cc9229ec-df6d-4422-aa6c-2b2cdd103d9a,,,,,,,49:36.3
c9d38724-d1c1-4f81-a9d5-ae3e88eee976,,,,,,,49:36.3
1c347c8a-fe61-473b-8ce4-29c763d13507,,,,,,,49:36.3
bab04432-5f7c-476d-84d1-b5f3caff2f9d,,,,,,,49:36.3
d6a39a7a-42dd-4906-85a5-1c192262f129,,,,,,,49:36.3
c4914233-5f5e-4a00-bc4f-1dc773e4f5ec,,,,,,,49:36.3
c104c1a1-ca7e-4d86-b945-e717c8169d65,,,,,,,49:36.3
320e1521-8ebc-4e90-a5ce-8950941a8c04,,,,,,,49:36.3
de789a66-1e9a-4b37-8e89-784894f00dbd,,,,,,,49:36.3
a273f7e9-50aa-491d-aa14-7b9c80bee988,,,,,,,49:36.3
d05ccf8c-5c6e-4ec0-b394-67be7e6d35b0,,,,,,,49:36.3
a513b58c-ae15-42b4-8acf-d3a6baa3df39,,,,,,,49:36.3
8d717bea-90c6-4dc0-ae5e-a1a9da12bfa9,,,,,,,49:36.3
a9195d05-348c-4827-af10-1718decf3cb5,,,,,,,49:36.3
e5c0153d-fdd5-46fc-8812-aafcc1336e96,,,,,,,49:36.3
9fdcf691-f95b-40f6-bfea-f66810d32ccf,,,,,,,49:36.3
c77cc51c-ce5d-4f6a-9e6a-6a66aa5ef24a,,,,,,,49:36.3
613e3fdc-7648-47af-bf78-745380bd195c,,,,,,,49:36.3
9fc09367-3c96-40a2-8d2c-2356fb13db29,,,,,,,49:36.3
3839ab45-923b-43b1-9b26-4a19bfa94fc0,,,,,,,49:36.3
87be0de5-64ed-4afb-a847-f7c593f3dba2,,,,,,,49:36.3
67cd2db3-1ac5-44d3-be16-32d812cd9ddb,,,,,,,49:36.3
120ac6d8-e085-40e7-a96a-3e29d509af52,,,,,,,49:36.3
e0f1dc87-394e-475a-94c5-25dacb9426fa,,,,,,,49:36.3
dc96cc93-36ba-4636-b34d-dcb06355ecfa,,,,,,,49:36.3
c548e1ef-4554-448d-8309-d850a600510b,,,,,,,49:36.3
61c3eb2b-0ada-4ec6-b300-0a7fda1b9a44,,,,,,,49:36.3
45aaa514-aeef-4e5f-8064-8013577e76f4,,,,,,,49:36.3
d6bc8a61-4399-4d62-a817-5bfac47b7f51,,,,,,,49:36.3
19492a49-b6f4-4110-9279-aa390d436ba8,,,,,,,49:36.3
a603a92e-4f7b-4599-aa75-819cf7a5dd9f,,,,,,,49:36.3
3659661e-901f-4a9f-bf29-fbde5ae201ca,,,,,,,49:36.3
be08da69-265c-43ca-8956-3898742810fa,,,,,,,49:36.3
1b0cb973-60eb-4e0a-a9c4-df25e41bbcda,,,,,,,49:36.3
9d44aa35-f295-48c6-9d25-88776267897b,,,,,,,49:36.3
b3288ef6-a112-49e6-bded-4cb2f9df6d70,,,,,,,49:36.3
8a8a902f-c810-4428-b28e-232bdbe767a8,,,,,,,49:36.3
a4d7a9f1-1e9b-4858-9266-8e2e1a0e9208,,,,,,,49:36.3
0d416fa0-3158-4990-827e-34a882e800cf,,,,,,,49:36.3
9c8353ad-9de4-4fd2-96e4-ca3f810bfaba,,,,,,,49:36.3
65d2bfe1-af9e-464b-91b5-00d5dff84fd3,,,,,,,49:36.3
f79ff96b-8580-47f8-a6dc-d10164ed7b7a,,,,,,,49:36.3
1ebf4064-bec6-41e0-b861-25238be962bd,,,,,,,49:36.3
fb92eb79-ba7d-4db1-8d7e-4cee9e89aa84,,,,,,,49:36.3
ee676b9f-26d3-4318-9d46-a256406456fd,,,,,,,49:36.3
f6a3a9cc-e457-42fc-a89f-9ae81c982c9b,,,,,,,49:36.3
1755133b-f69d-4f41-b124-d3557e7ae188,,,,,,,49:36.3
10883763-d2b5-4de1-b257-6e291efd2147,,,,,,,49:36.3
b62ed5c5-a0c9-493b-a165-32adfc58e13c,,,,,,,49:36.3
2585b19f-2a16-442b-bd67-f6aed2ea47ae,,,,,,,49:36.3
9093dc19-4698-4344-961a-b4a887d8842c,,,,,,,49:36.3
ab70c4e7-4c80-4b3a-bef6-5276bb462065,,,,,,,49:36.3
bd162329-9c58-4135-b521-38f534194e0e,,,,,,,49:36.3
b6f5d26d-dad1-4dde-81c9-056bc89cdebe,,,,,,,49:36.3
b2dc7679-1885-4cc0-9c0e-3f21659a6a85,,,,,,,49:36.3
430c0255-7696-48e6-ab99-4146a2c09d64,,,,,,,49:36.3
a5158f92-3ca7-4eb1-9ba2-ccb20d47778d,,,,,,,49:36.3
da638f05-71a8-408f-987d-09001114e950,,,,,,,49:36.3
204a3c44-d329-4a90-aa84-387696f17d7f,,,,,,,49:36.3
6e8d12c6-443b-4ac0-9604-adc133f82213,,,,,,,49:36.3
fdf9aa8d-39d0-4647-8b2c-780c464bee62,,,,,,,49:36.3
bf5dcbb8-f6b9-4a7e-bfef-8761fd99df0c,,,,,,,49:36.3
34ec2f3a-7e62-42f5-9b77-dca29aebc4ce,,,,,,,49:36.3
8efac14c-9e88-43a6-b237-7f6cb2a095cd,,,,,,,49:36.3
2bcbcdfb-8c43-4826-a6d5-6ca1024c6972,,,,,,,49:36.3
77bf52d1-a200-46fc-afd6-a39a44aef189,,,,,,,49:36.3
7cd2e435-47ae-49ec-b739-cc5ba836d988,,,,,,,49:36.3
8a01a225-8661-494a-b6b2-1559bdce39f7,,,,,,,49:36.3
da973f3b-ad2c-4443-9712-7bcb7119dd03,,,,,,,49:36.3
9490eaf1-18fc-4e53-9100-c33a99bb595f,,,,,,,49:36.3
69224346-58a3-4714-8438-afb29e055738,,,,,,,49:36.3
fb33e721-d030-43ee-bef3-dc206c21147c,,,,,,,49:36.3
123af639-5bc7-4b59-8570-2b62017c0784,,,,,,,49:36.3
19d9b740-8ac3-4af6-b7bf-9d8771579484,,,,,,,49:36.3
1e0cd664-5c8b-4c3a-830b-a3cf880dd6ff,,,,,,,49:36.3
1ba9d9db-dfdd-4146-9ff3-ef92c8d4335b,,,,,,,49:36.3
d024ccbc-9016-470e-9c8d-19d1801a27dc,,,,,,,49:36.3
94ac0edc-77c3-4a0a-b722-030162a28275,,,,,,,49:36.3
78eaaf34-8435-401d-98a1-23cc673ebdd3,,,,,,,49:36.3
267c13fb-bb8c-42a2-a937-91aa7f200589,,,,,,,49:36.3
2095e1db-c18f-4d2f-a054-797080f2027f,,,,,,,49:36.3
3322931c-4494-447d-855c-601d7ceebb97,,,,,,,49:36.3
6d5362a7-b0b1-4f3c-8301-c82d76a583b4,,,,,,,49:36.3
f11fcc39-1172-4ceb-827f-5384e224d95d,,,,,,,49:36.3
c4c67c7d-ce6e-4c8d-8130-678bbc574966,,,,,,,49:36.3
8f734a2e-2fd5-4846-9928-f60410cb9821,,,,,,,49:36.3
3aed1412-546f-4fa1-a14a-47134e776a03,,,,,,,49:36.3
7095be5e-575b-44f7-99d2-dd606c291f44,,,,,,,49:36.3
d31c9f27-5f51-48e2-84ef-78ad2ee4a8bf,,,,,,,49:36.3
52d0042f-5b18-4935-85f9-7fc143bb2c89,,,,,,,49:36.3
955a120f-b5d4-47ef-8da4-e1201ef969f3,,,,,,,49:36.3
d82c8668-f024-4d31-a764-926f682adcb8,,,,,,,49:36.3
a91b05e2-b12e-4937-bd6d-cf3c0a136688,,,,,,,49:36.3
136ddb5f-36c0-45d5-9610-db8d06e5a5ab,,,,,,,49:36.3
8239e927-fb99-4f92-90b0-954fb27458c9,,,,,,,49:36.3
6bfd3d57-6bf3-4d72-8ea0-cc200c9c8d37,,,,,,,49:36.3
1ac4652a-f5ee-4975-ade2-b341995f67a1,,,,,,,49:36.3
69d169ec-d958-415b-a247-dbccebc93668,,,,,,,49:36.3
200e9b59-3f4b-44ed-9897-4e7630d96056,,,,,,,49:36.3
9fa85d67-b6a3-44ea-98dd-50a8f68efcb3,,,,,,,49:36.3
803d298f-2366-478f-8671-f933f19b06e9,,,,,,,49:36.3
5f35b137-f8d5-4d31-a74d-9f54dbfd2596,,,,,,,49:36.3
3390e6b7-2926-43f7-8a96-ad6786d94b42,,,,,,,49:36.3
194c9f46-f5d8-41ba-9973-85e685349a45,,,,,,,49:36.3
f9d637ca-bf5b-4ac5-b205-81fe87cc3a71,,,,,,,49:36.3
7d06d7ed-bb85-4dec-9d10-4ab2d224fad6,,,,,,,49:36.3
9bcf4dfa-a39a-46ee-88e3-aadf721bf226,,,,,,,49:36.3
91da6aeb-a091-49b8-9236-87fffe257f84,,,,,,,49:36.3
c309e514-5820-47e0-aa40-c1bf12ae8b24,,,,,,,49:36.3
a6327968-abd9-42f2-902b-0e63cd52bdb3,,,,,,,49:36.3
5baa584c-ce30-4158-8846-2e7b0d24ff1d,,,,,,,49:36.3
cf3aec81-1552-4532-a930-3025064124c4,,,,,,,49:36.3
9afabed0-67cd-4eb2-90cd-b9c071d168ba,,,,,,,49:36.3
97db14d1-4a24-465a-812d-73c0945e3754,,,,,,,49:36.3
1bbdc7c7-4cf4-4637-8459-b018a76987c9,,,,,,,49:36.3
25fb5718-bec4-4b24-8138-1e1abc3488b3,,,,,,,49:36.3
c7513bf4-01c8-4a57-b83b-44924c8504e0,,,,,,,49:36.3
338eb251-4658-4de5-b7d3-1a92e049ced9,,,,,,,49:36.3
66eb3bc3-e628-4580-a7af-153055769a74,,,,,,,49:36.3
628abc73-4c12-41ab-b350-d87e04c3ae61,,,,,,,49:36.3
8ec7b0bf-da23-445c-a54a-bfeb7e48c28d,,,,,,,49:36.3
4244f7c3-fba7-4ec3-956e-7cff2b7ed164,,,,,,,49:36.3
e564da70-2503-4573-8f52-99547785d7b4,,,,,,,49:36.3
31b54d9a-b80b-4821-85f9-ecbf989872b6,,,,,,,49:36.3
6ee29032-eb7a-494b-92e4-a1ddf5de9980,,,,,,,49:36.3
7775582d-9861-4f6c-b324-9bbddc6e408f,,,,,,,49:36.3
d87e2976-147c-4a0c-8c32-6d8e424eeab8,,,,,,,49:36.3
d9667d3b-026f-408c-a3b4-ead4a0b86ebe,,,,,,,49:36.3
f923efe3-3fc7-4ee8-913b-0032621356bc,,,,,,,49:36.3
f499b2d2-128c-42b9-80e2-83bf82fc13fd,,,,,,,49:36.3
f102a97a-70f9-4412-98f3-f21a2a43deb4,,,,,,,49:36.3
c0d98066-50ed-4aa5-817c-08172a065b9b,,,,,,,49:36.3
